	Instrument,	My DMM6500
	.Model,	DMM6500
	.SerialNumber,	04635780
	Acquisition,	
	.Measure Delay,	0 s
	.Measure Count Infinite,	Enabled
	.Start at HH:MM Enabled,	Disabled
	Function ,	2-Wire Resistance
	.Range,	Auto
	.NPLC,	1
	.Auto Zero,	On
	.Auto Delay,	Enabled
	.Line Sync,	Disabled
	Rel Enabled,	Disabled
	Filter,	
	.Digital,	Disabled
	Math,	Disabled
	Trigger Mode,	Immediate
	Limit 1,	Disabled
	Limit 2,	Disabled

"Index","DMM-1 Time (s)","DMM-1 Resistance (Ω)"
"1","0","32.8740113329348"
"2","0.016709061","32.8727158037272"
"3","0.03341894","32.8736671387439"
"4","0.050125273","32.8657994208881"
"5","0.066833637","32.8435080460395"
"6","0.102261","32.8154333224478"
"7","0.118973546","32.8075286738849"
"8","0.135679879","32.8127004501172"
"9","0.152390273","32.8099070114267"
"10","0.169098637","32.806720630012"
"11","0.204526","32.7912643904466"
"12","0.221233849","32.7802811981338"
"13","0.237940182","32.7699317367561"
"14","0.254650455","32.7637864670828"
"15","0.271358819","32.753878576054"
"16","0.306784","32.7542833366031"
"17","0.323492697","32.7481365897241"
"18","0.340199031","32.747600355858"
"19","0.356909455","32.7492489426201"
"20","0.37362191","32.7454421253388"
"21","0.409046","32.7329757958719"
"22","0.42575194","32.7264065617045"
"23","0.442462485","32.7279650375414"
"24","0.459172879","32.7205227614596"
"25","0.475879213","32.7150821296991"
"26","0.511308","32.703360323286"
"27","0.52801791","32.6987823928419"
"28","0.544728213","32.7024813724586"
"29","0.561436455","32.6993998742636"
"30","0.578144697","32.6943610485956"
"31","0.613572","32.6861949306559"
"32","0.630280061","32.686137318753"
"33","0.646986303","32.680132385789"
"34","0.663694546","32.683176953277"
"35","0.680402819","32.6830041175681"
"36","0.71583","32.6800082551678"
"37","0.732536","32.6755174806925"
"38","0.749242213","32.6747507991291"
"39","0.765948425","32.6717963422374"
"40","0.782656667","32.6758941739462"
"41","0.818079","32.674478989095"
"42","0.834787182","32.6648474596281"
"43","0.851497455","32.6663084385611"
"44","0.868207728","32.6654324420927"
"45","0.884916273","32.6660986721218"
"46","0.920341","32.6693559608449"
"47","0.937050849","32.6725334792319"
"48","0.953759122","32.6700812800118"
"49","0.970469394","32.667961457192"
"50","0.987175849","32.6581526603116"
"51","1.022601","32.6550711617736"
"52","1.039307455","32.6575484738772"
"53","1.056015697","32.6565498674479"
"54","1.07272194","32.6522792000109"
"55","1.089432243","32.6579975513248"
"56","1.124859","32.6589488864439"
"57","1.141567425","32.6590493379782"
"58","1.158275637","32.6612563172763"
"59","1.174983879","32.6555143303073"
"60","1.191690091","32.6581925454796"
"61","1.227114","32.6779460442574"
"62","1.243822485","32.6880458551417"
"63","1.260530758","32.6950759853154"
"64","1.277241031","32.7007045872107"
"65","1.29395","32.7066120238308"
"66","1.329374","32.7549735292236"
"67","1.346081879","32.766367392352"
"68","1.362790122","32.77701230065"
"69","1.379498364","32.8162666925739"
"70","1.396206607","32.8436264409208"
"71","1.431636","32.8781049532267"
"72","1.44834597","32.8830920765148"
"73","1.465058273","32.8981996919969"
"74","1.481768576","32.9282081109764"
"75","1.498476819","32.9579476743758"
"76","1.533905","32.9842255378239"
"77","1.550613607","33.007720860683"
"78","1.567321849","33.0159800464803"
"79","1.584030091","33.0174203444864"
"80","1.600736303","33.0282572944075"
"81","1.636164","33.075707358259"
"82","1.652872485","33.090605209943"
"83","1.669582758","33.1121402502851"
"84","1.686293031","33.1273202526554"
"85","1.703003303","33.1167787484792"
"86","1.738426","33.1532249355638"
"87","1.755134485","33.1619671751539"
"88","1.771842728","33.1674595115506"
"89","1.788553","33.1808151364465"
"90","1.805261243","33.1716031381221"
"91","1.84069","33.2059560921045"
"92","1.85739994","33.2245706512587"
"93","1.874112243","33.2309020535708"
"94","1.890822849","33.2535716055731"
"95","1.907531394","33.2591850747252"
"96","1.942956","33.2541078396"
"97","1.959661546","33.2493925255122"
"98","1.976369819","33.2391376037085"
"99","1.993078061","33.2478695026975"
"100","2.009786303","33.2531963894771"
"101","2.045214","33.2623286174504"
"102","2.061924394","33.2667617808519"
"103","2.078632637","33.2716218633546"
"104","2.095340879","33.3069468338375"
"105","2.112051152","33.2972990530395"
"106","2.147475","33.3344853317149"
"107","2.164183425","33.3455054579978"
"108","2.180893697","33.3526153598476"
"109","2.19760197","33.3564886535625"
"110","2.214312243","33.3697216684743"
"111","2.249738","33.4019961616417"
"112","2.266443788","33.4156693907133"
"113","2.283152031","33.4155540438478"
"114","2.299863182","33.4084057340774"
"115","2.316575485","33.4136203514549"
"116","2.352002","33.4340363952834"
"117","2.368712031","33.4426855715663"
"118","2.385422303","33.4461762638902"
"119","2.402128516","33.4543350001174"
"120","2.418836758","33.4530306068369"
"121","2.454259","33.4447906230101"
"122","2.470967273","33.4356111214863"
"123","2.487679607","33.4299991281987"
"124","2.504385819","33.4375802678543"
"125","2.521092061","33.4395390736188"
"126","2.556518","33.4417519627856"
"127","2.57322597","33.4468085179379"
"128","2.589934213","33.4491056091625"
"129","2.606644485","33.4570235570491"
"130","2.623354758","33.4560146095852"
"131","2.65878","33.4473994095712"
"132","2.675486061","33.4454967385119"
"133","2.692192273","33.448920955527"
"134","2.708898516","33.437113463464"
"135","2.725608788","33.4327645010427"
"136","2.761034","33.4275306784004"
"137","2.777744303","33.4152681997797"
"138","2.794450485","33.4065643660207"
"139","2.811156728","33.3950390247126"
"140","2.827867","33.3887770506284"
"141","2.86329","33.3768513802386"
"142","2.879998394","33.3748453031435"
"143","2.89670697","33.3899278120843"
"144","2.913414031","33.3872924353996"
"145","2.930120273","33.3827691599465"
"146","2.965544","33.3943860894578"
"147","2.982250213","33.3973228208754"
"148","2.998960516","33.3970997592838"
"149","3.015666728","33.40050624955"
"150","3.03237294","33.4024783503762"
"151","3.0678","33.3884225156484"
"152","3.084507788","33.3822314485601"
"153","3.101218061","33.3804912727"
"154","3.117926303","33.3906531315642"
"155","3.134632516","33.3917344632532"
"156","3.170057","33.4041344581986"
"157","3.186767485","33.3957157279306"
"158","3.203475849","33.3929503545209"
"159","3.220182061","33.4012051123271"
"160","3.236888273","33.4011223874815"
"161","3.272316","33.4200342475173"
"162","3.289026758","33.4332584051221"
"163","3.305737061","33.4340723585225"
"164","3.322447485","33.4332362466811"
"165","3.339157788","33.4327989867781"
"166","3.374584","33.4419947398042"
"167","3.391294455","33.4450732858776"
"168","3.408000667","33.4419917853454"
"169","3.42471094","33.4455282725333"
"170","3.441417182","33.4436137832286"
"171","3.476842","33.4553178717789"
"172","3.493547758","33.4544610787259"
"173","3.510258031","33.457700642804"
"174","3.526966273","33.458384600017"
"175","3.543672485","33.4589621967131"
"176","3.5791","33.4485920463126"
"177","3.595808364","33.4559841022391"
"178","3.612518637","33.4652374672119"
"179","3.629226879","33.4770420073616"
"180","3.645935122","33.4794203466984"
"181","3.681362","33.4848550736676"
"182","3.698069576","33.4853189236998"
"183","3.714777819","33.4872836388041"
"184","3.731488091","33.4901982124138"
"185","3.748196334","33.4936091351026"
"186","3.783621","33.491323861218"
"187","3.800329061","33.4948751206999"
"188","3.817039334","33.4893443738196"
"189","3.833751667","33.4766077019174"
"190","3.85045994","33.4697119950699"
"191","3.88588","33.4688182712818"
"192","3.902589425","33.4615990511953"
"193","3.919299364","33.4634426334887"
"194","3.936007637","33.4681520408216"
"195","3.952713879","33.4631501420672"
"196","3.988138","33.4469756237223"
"197","4.004844425","33.4525861415519"
"198","4.021554849","33.4600077428095"
"199","4.038263091","33.4549467543723"
"200","4.054969303","33.4555849175378"
"201","4.090397","33.4386085955529"
"202","4.107108697","33.4291144412372"
"203","4.12381897","33.4227387185008"
"204","4.140529243","33.414435211202"
"205","4.157239516","33.4055467210016"
"206","4.192666","33.3936889994064"
"207","4.209372152","33.3884891513916"
"208","4.226080455","33.3819021848296"
"209","4.242786667","33.3794455520884"
"210","4.25949491","33.3687888181171"
"211","4.294922","33.3420107094873"
"212","4.311630334","33.346000706457"
"213","4.328342637","33.3431422673099"
"214","4.345050879","33.3356571452642"
"215","4.361761152","33.3087435003952"
"216","4.397186","33.3330099499403"
"217","4.413896394","33.3428556847804"
"218","4.430606667","33.3366852970194"
"219","4.44731491","33.3260950384945"
"220","4.464023182","33.3090478096791"
"221","4.499448","33.2755087903528"
"222","4.516156394","33.2775577077156"
"223","4.532868697","33.2758810521952"
"224","4.549579","33.2825625613748"
"225","4.566287273","33.2727212582233"
"226","4.601711","33.2514506301719"
"227","4.618417122","33.2585044011938"
"228","4.635127394","33.262936089794"
"229","4.651835697","33.267644020317"
"230","4.66854597","33.2882454633897"
"231","4.703969","33.2740832638531"
"232","4.720679243","33.2758204857843"
"233","4.737387485","33.2719132136685"
"234","4.754093697","33.2543504317459"
"235","4.77080397","33.2444352671178"
"236","4.80623","33.2191596479918"
"237","4.82293997","33.2125150710231"
"238","4.839652273","33.2040830467152"
"239","4.856362667","33.2092607350823"
"240","4.87307091","33.2056489096736"
"241","4.908497","33.2027594493466"
"242","4.925204485","33.1985463916511"
"243","4.941910728","33.1944249221663"
"244","4.958619031","33.1919564721631"
"245","4.975329303","33.1838583016558"
"246","5.010754","33.1713993505323"
"247","5.027462455","33.1660059867011"
"248","5.044174758","33.165732699298"
"249","5.060883","33.1661138244332"
"250","5.077591243","33.1601635451914"
"251","5.113021","33.1517004990701"
"252","5.12972891","33.1555959524864"
"253","5.146437152","33.1452125083973"
"254","5.163149455","33.1442316282045"
"255","5.179857697","33.1442818539975"
"256","5.215284","33.1411176290383"
"257","5.231992213","33.1401352716163"
"258","5.248702485","33.1419995348743"
"259","5.265410697","33.1450027418501"
"260","5.28211894","33.1409063852618"
"261","5.317545","33.1404499214372"
"262","5.334253273","33.1352840509037"
"263","5.350963546","33.1315023441364"
"264","5.367673819","33.1290560525712"
"265","5.384382091","33.1285212955986"
"266","5.419804","33.1228856661777"
"267","5.43651","33.1250852604655"
"268","5.453220394","33.123059979224"
"269","5.469928637","33.1245741391602"
"270","5.486636879","33.1326531056878"
"271","5.522062","33.1224321568115"
"272","5.538771879","33.1143339863041"
"273","5.555480122","33.1229831633053"
"274","5.572188364","33.1181363742804"
"275","5.588896607","33.1063702436545"
"276","5.624323","33.0962099364715"
"277","5.641030819","33.0854202570864"
"278","5.657743152","33.0856699087589"
"279","5.674453425","33.0951300821957"
"280","5.691163697","33.0961744829796"
"281","5.726589","33.0827213600113"
"282","5.74329897","33.0723157601223"
"283","5.760007243","33.0608066702963"
"284","5.776717516","33.0661010584283"
"285","5.793427788","33.0663876408216"
"286","5.828857","33.0668544451324"
"287","5.845568819","33.0650241586102"
"288","5.862275031","33.0659223137397"
"289","5.878983273","33.073388228254"
"290","5.895689819","33.0830507820407"
"291","5.931118","33.0910617939938"
"292","5.94782997","33.1069168910421"
"293","5.964540364","33.1178941784888"
"294","5.981250637","33.1353343420733"
"295","5.997956879","33.1323902250122"
"296","6.03338","33.1514819304302"
"297","6.050090122","33.1773482072694"
"298","6.066802455","33.2041022986364"
"299","6.083512728","33.2205719228786"
"300","6.10022097","33.2304634471341"
"301","6.135646","33.2470305684792"
"302","6.152354273","33.2603433547085"
"303","6.169062516","33.2905083674473"
"304","6.185770879","33.3042273916053"
"305","6.202479091","33.3148073044964"
"306","6.237903","33.3316255547428"
"307","6.25460891","33.339810879698"
"308","6.271319182","33.3300685555544"
"309","6.288028152","33.3284448353405"
"310","6.304736455","33.3338219482476"
"311","6.340162","33.3384486289138"
"312","6.356868394","33.3343242060466"
"313","6.373574607","33.325500718301"
"314","6.390284879","33.3272098720465"
"315","6.406993152","33.3274344108272"
"316","6.442413","33.3233676536423"
"317","6.459119485","33.3210749951979"
"318","6.475825728","33.3212847616277"
"319","6.492536031","33.3192978894577"
"320","6.509244394","33.3155944779112"
"321","6.544671","33.3348117418956"
"322","6.561379394","33.3411815506665"
"323","6.578087667","33.3312604848721"
"324","6.594793879","33.3364795327357"
"325","6.611504182","33.337606657989"
"326","6.646932","33.3319414871549"
"327","6.663642152","33.3272232197119"
"328","6.680350394","33.3222124610498"
"329","6.697056607","33.3187498377291"
"330","6.713762819","33.3224635898743"
"331","6.749192","33.3272202652551"
"332","6.765899637","33.3309591302828"
"333","6.782607879","33.3251255554135"
"334","6.799318152","33.3258464428625"
"335","6.816028576","33.3235833289857"
"336","6.851457","33.3273798059201"
"337","6.868167546","33.3320123941171"
"338","6.884874091","33.3377322224012"
"339","6.901580637","33.3345812942685"
"340","6.91829097","33.3440458964937"
"341","6.953718","33.3513759037111"
"342","6.970426485","33.3565137040138"
"343","6.987136758","33.3574694707751"
"344","7.003845","33.3551841984725"
"345","7.020553243","33.3509253490554"
"346","7.055981","33.3514985136665"
"347","7.072689273","33.3609261851823"
"348","7.089397516","33.3563748445461"
"349","7.106105758","33.3525118923346"
"350","7.122814","33.3549818181846"
"351","7.158243","33.3529196073673"
"352","7.174951364","33.355544642197"
"353","7.191659607","33.3646931175491"
"354","7.20836794","33.3855634000898"
"355","7.225078213","33.4014997398441"
"356","7.260507","33.3959244982791"
"357","7.27721297","33.3962998375777"
"358","7.29391994","33.4072845083671"
"359","7.310626152","33.4123351524538"
"360","7.327334394","33.4167284298782"
"361","7.362763","33.420421501015"
"362","7.379473303","33.4146765595546"
"363","7.396183576","33.4156855065892"
"364","7.412891849","33.4252402202344"
"365","7.429602122","33.4239757126771"
"366","7.465027","33.4220302028022"
"367","7.481733273","33.4268607398492"
"368","7.498443546","33.4325731822837"
"369","7.515155879","33.4481328295974"
"370","7.531862091","33.4504269653876"
"371","7.567287","33.4465802624915"
"372","7.583992667","33.4433938807146"
"373","7.60070294","33.4469052527515"
"374","7.617413364","33.4426700387718"
"375","7.634123637","33.4425400426678"
"376","7.669549","33.4486424734143"
"377","7.686257485","33.4405930555645"
"378","7.702963788","33.4444648713443"
"379","7.719672061","33.440640326875"
"380","7.736380303","33.4458918740316"
"381","7.771803","33.4451237152351"
"382","7.788510758","33.436170233571"
"383","7.805219","33.4398869403631"
"384","7.821927243","33.4412430360845"
"385","7.838637516","33.4365351089993"
"386","7.874062","33.426249167269"
"387","7.890769182","33.4295094104686"
"388","7.907479758","33.4328464695478"
"389","7.924189031","33.4329646478242"
"390","7.940901364","33.4324771624341"
"391","7.976327","33.4283586495023"
"392","7.993037122","33.4272005023938"
"393","8.009747394","33.4282109266569"
"394","8.026455637","33.4243922911014"
"395","8.04316394","33.4206829704515"
"396","8.078591","33.4226888752655"
"397","8.095301334","33.4234038538229"
"398","8.112011607","33.4209944942627"
"399","8.128719849","33.4160575968684"
"400","8.145428122","33.4124871357666"
"401","8.180854","33.4315286101572"
"402","8.197562091","33.4442815231451"
"403","8.214268334","33.449178535372"
"404","8.230978637","33.4484088993629"
"405","8.24768891","33.4487427529868"
"406","8.283118","33.4540787483884"
"407","8.299828364","33.4523045970377"
"408","8.316534607","33.4483766466283"
"409","8.333244879","33.4462967089915"
"410","8.349953122","33.4501670474919"
"411","8.385381","33.4486720923154"
"412","8.40209091","33.4453010570262"
"413","8.418801182","33.4411072054985"
"414","8.435509425","33.4388647727338"
"415","8.452219697","33.4359605416301"
"416","8.487649","33.4211262136833"
"417","8.50435894","33.4175675703828"
"418","8.521067182","33.4188601452636"
"419","8.537777455","33.4109289057948"
"420","8.554487728","33.4064130184682"
"421","8.589916","33.4256347148677"
"422","8.60662597","33.4270041056272"
"423","8.623334213","33.4367493816145"
"424","8.640046516","33.4391454461365"
"425","8.656754758","33.4280366883034"
"426","8.692183","33.415168551404"
"427","8.708893576","33.4229313868312"
"428","8.72560194","33.431490448385"
"429","8.742308152","33.4301594655649"
"430","8.759018425","33.4305287726737"
"431","8.794443","33.4226920758247"
"432","8.811153425","33.4276068148287"
"433","8.827863728","33.4273881850203"
"434","8.84457197","33.4011023822435"
"435","8.861282243","33.3718887127081"
"436","8.896708","33.3745151103015"
"437","8.91341691","33.3795066654865"
"438","8.930127303","33.3698382047924"
"439","8.946833576","33.3604415541468"
"440","8.963541819","33.3530435936951"
"441","8.998969","33.3326711351111"
"442","9.015679152","33.3323579626639"
"443","9.032385394","33.3302499575591"
"444","9.049093637","33.3227825673668"
"445","9.06580391","33.3146149708538"
"446","9.101228","33.2738198279159"
"447","9.11793594","33.2721727181108"
"448","9.134646213","33.2582483620371"
"449","9.151352425","33.2413813667421"
"450","9.168060667","33.2380265807626"
"451","9.203488","33.2431038152019"
"452","9.220200455","33.2389601891902"
"453","9.236912758","33.2345610026436"
"454","9.253621","33.2309462244437"
"455","9.270331394","33.2273255373297"
"456","9.305756","33.2235823627269"
"457","9.322464516","33.2184681975556"
"458","9.339174788","33.2060122065896"
"459","9.355885061","33.2031803594974"
"460","9.372593334","33.2031094525279"
"461","9.408019","33.1845465988184"
"462","9.424725243","33.1858037202975"
"463","9.441433637","33.1860282590341"
"464","9.458139849","33.1867846000415"
"465","9.474846061","33.1633749595247"
"466","9.51027","33.131850902692"
"467","9.526979697","33.1271813833082"
"468","9.54368794","33.1091857853543"
"469","9.560398213","33.1121535374713"
"470","9.577108516","33.107161982268"
"471","9.612535","33.1142822237832"
"472","9.629243394","33.113487474834"
"473","9.645951637","33.1089937456454"
"474","9.662659879","33.1058753162183"
"475","9.679366091","33.10152192374"
"476","9.714794","33.0973826407872"
"477","9.731504091","33.0997801827812"
"478","9.748216394","33.0978848985062"
"479","9.764928697","33.093934789269"
"480","9.781637061","33.0884188177314"
"481","9.817065","33.0771416547111"
"482","9.83377291","33.0747958157176"
"483","9.850483213","33.074880017747"
"484","9.867189455","33.0738444805087"
"485","9.883897697","33.071876812033"
"486","9.919323","33.0604799934972"
"487","9.93602897","33.0657448361753"
"488","9.952735213","33.068457027858"
"489","9.969441455","33.0667449199276"
"490","9.986151728","33.0637062607276"
"491","10.021579","33.0578726850441"
"492","10.038286728","33.0556509332518"
"493","10.05499497","33.056441250545"
"494","10.071703213","33.0529476049407"
"495","10.088409425","33.0483194477829"
"496","10.123833","33.0438818531126"
"497","10.140539303","33.0455156679279"
"498","10.157247576","33.0443516118027"
"499","10.173955819","33.0515649189848"
"500","10.190664091","33.0538457599206"
"501","10.226089","33.0530554426274"
"502","10.242797303","33.051464467441"
"503","10.259505576","33.0515693506706"
"504","10.276213879","33.0536209776246"
"505","10.292918849","33.0500652884458"
"506","10.328343","33.0582166357198"
"507","10.345049425","33.0580467544337"
"508","10.361759697","33.0661537848504"
"509","10.37846591","33.0647651899904"
"510","10.395174152","33.0678658927682"
"511","10.430603","33.0663118483079"
"512","10.447311061","33.0623188994711"
"513","10.464017273","33.0638404449028"
"514","10.480723546","33.0641639579606"
"515","10.497433819","33.0655835746207"
"516","10.532863","33.0616269651579"
"517","10.549569182","33.0626905696533"
"518","10.566275425","33.0541802564613"
"519","10.582983667","33.045523697651"
"520","10.59969194","33.0405956634888"
"521","10.635116","33.041648927385"
"522","10.651824061","33.0433226272368"
"523","10.668534364","33.0420315295576"
"524","10.685242607","33.0372113330734"
"525","10.701950879","33.0223666642195"
"526","10.737377","33.0177503252635"
"527","10.754083455","33.0446846318824"
"528","10.770791697","33.0783418052496"
"529","10.78749994","33.0914876613677"
"530","10.804206152","33.105407585202"
"531","10.839635","33.1384457998419"
"532","10.856342849","33.1404740345256"
"533","10.873053122","33.1520894819531"
"534","10.889761667","33.1793960501453"
"535","10.906470243","33.1935671028188"
"536","10.941893","33.1903674259616"
"537","10.958601607","33.2118020110019"
"538","10.975309849","33.2233480286914"
"539","10.992020152","33.2308981433807"
"540","11.008730425","33.2403302471355"
"541","11.044158","33.2646941762237"
"542","11.060863607","33.2748885298669"
"543","11.07757591","33.2913197420932"
"544","11.094284152","33.2960557365549"
"545","11.110996485","33.30950294728"
"546","11.146423","33.3152124353007"
"547","11.163133273","33.3102459931984"
"548","11.179841485","33.3124130873578"
"549","11.196549728","33.3182688209967"
"550","11.21326","33.3177798583745"
"551","11.248688","33.2954796174532"
"552","11.265397607","33.2906180585719"
"553","11.282107879","33.2851027005285"
"554","11.298819031","33.2871501392198"
"555","11.315527273","33.2814628095217"
"556","11.350953","33.2825249053424"
"557","11.367661061","33.2754859120001"
"558","11.384371364","33.270219592742"
"559","11.401081637","33.2674645617696"
"560","11.417789879","33.270058574846"
"561","11.453214","33.2787358144876"
"562","11.469920364","33.2710084327094"
"563","11.486630758","33.2585184665586"
"564","11.503341152","33.2576749691402"
"565","11.520049394","33.2576601968562"
"566","11.555476","33.2601271682899"
"567","11.572182334","33.2574829294478"
"568","11.588888697","33.2529360204221"
"569","11.60559491","33.2513775444565"
"570","11.622305182","33.2569954440747"
"571","11.657735","33.2582230208779"
"572","11.674440849","33.2615216719027"
"573","11.691151122","33.2615600798412"
"574","11.707861394","33.2589202726843"
"575","11.724571667","33.2605703368109"
"576","11.759996","33.2612853153582"
"577","11.776702243","33.2585672150959"
"578","11.793412516","33.259307306526"
"579","11.810122788","33.2632190073382"
"580","11.826829","33.2620638147268"
"581","11.862252","33.2756454526677"
"582","11.878964516","33.2783118499358"
"583","11.895671061","33.2825884261637"
"584","11.91237997","33.2804789440036"
"585","11.929090273","33.2738698241268"
"586","11.964514","33.2652265607384"
"587","11.981222152","33.2597844513003"
"588","11.997928364","33.2645130594196"
"589","12.014638667","33.2645012415924"
"590","12.03134691","33.2693967765213"
"591","12.066774","33.2738491429291"
"592","12.083482213","33.2733439308152"
"593","12.100192516","33.2798068050801"
"594","12.116904819","33.2825514954536"
"595","12.133613122","33.2814125523546"
"596","12.16904","33.2750919638057"
"597","12.185749788","33.2742396030501"
"598","12.202458061","33.2763948792067"
"599","12.219170364","33.2815489289054"
"600","12.235880637","33.2852863166204"
"601","12.271305","33.2855271048408"
"602","12.288013152","33.2888772136089"
"603","12.304724182","33.2904593251557"
"604","12.321432425","33.2901993329688"
"605","12.338140697","33.2896675307682"
"606","12.373565","33.276288273738"
"607","12.390275334","33.2789738748511"
"608","12.406985607","33.2797006711919"
"609","12.423695879","33.2832268152275"
"610","12.440402091","33.2933857144874"
"611","12.475831","33.2910369214347"
"612","12.492541546","33.2879893993796"
"613","12.509251849","33.2885108609818"
"614","12.525964182","33.2903514874873"
"615","12.542674455","33.2884458629351"
"616","12.578102","33.2924654012347"
"617","12.594810516","33.2932114015438"
"618","12.611518758","33.2925303992814"
"619","12.628229031","33.2946516991705"
"620","12.644937273","33.2937801344528"
"621","12.680368","33.291562814722"
"622","12.697075819","33.2965573237226"
"623","12.713784061","33.2955749668798"
"624","12.730494334","33.2961451770171"
"625","12.747202576","33.2963756246374"
"626","12.78263","33.298684532525"
"627","12.799342273","33.3013849059214"
"628","12.816048485","33.2949929389158"
"629","12.832756728","33.2984481759914"
"630","12.84946497","33.3046333310301"
"631","12.884894","33.313703513007"
"632","12.901603243","33.3123237817421"
"633","12.918309334","33.3151969908537"
"634","12.935019637","33.3094151191505"
"635","12.95172791","33.3098065846593"
"636","12.987155","33.3121092352363"
"637","13.003864576","33.3099894126961"
"638","13.020574849","33.3037865312699"
"639","13.037283091","33.3027761071462"
"640","13.053993364","33.3067720095653"
"641","13.089419","33.3097412383499"
"642","13.106126637","33.3095196541123"
"643","13.12283691","33.3068370076084"
"644","13.139545273","33.3084974121625"
"645","13.156255546","33.3114090290453"
"646","13.191684","33.3171997637894"
"647","13.208390152","33.3235887759752"
"648","13.225100516","33.3217392862049"
"649","13.241806758","33.3202886480624"
"650","13.25851297","33.3169574983563"
"651","13.293936","33.3142854377568"
"652","13.310643607","33.3118760784617"
"653","13.32735391","33.3171231932479"
"654","13.344064182","33.3121789102553"
"655","13.360774455","33.3126604866687"
"656","13.396199","33.3161851533016"
"657","13.412906607","33.3144567962352"
"658","13.429616879","33.3127801421579"
"659","13.446325122","33.3099438638951"
"660","13.463035425","33.3080500572634"
"661","13.498463","33.3080574434047"
"662","13.515173334","33.3134596671584"
"663","13.531879546","33.3081076691656"
"664","13.548589819","33.309836026232"
"665","13.565298061","33.3064221517188"
"666","13.600723","33.301454233074"
"667","13.61743094","33.2965705164402"
"668","13.634139182","33.3053511612289"
"669","13.650849485","33.3020259204114"
"670","13.667559758","33.2924918892092"
"671","13.702984","33.2784656068625"
"672","13.719692","33.2715063845208"
"673","13.736398213","33.2650139663098"
"674","13.753104425","33.263182203265"
"675","13.769810697","33.2408967377062"
"676","13.805235","33.2205534369128"
"677","13.821942576","33.208757768099"
"678","13.838648788","33.2023672780189"
"679","13.855357031","33.2086617482526"
"680","13.872067334","33.2094816100174"
"681","13.90749","33.2014779865191"
"682","13.924195546","33.207831545889"
"683","13.940905849","33.2227397349522"
"684","13.957612091","33.2316356044071"
"685","13.974322394","33.2250752330605"
"686","14.009749","33.2273191430077"
"687","14.026457061","33.2329754505704"
"688","14.043165303","33.2235315293773"
"689","14.059873546","33.2201339040458"
"690","14.076581788","33.223869814682"
"691","14.112008","33.1928938122577"
"692","14.128715758","33.1747741286421"
"693","14.145423304","33.169597920311"
"694","14.162134092","33.1674396896113"
"695","14.178844364","33.1606340983495"
"696","14.21427391","33.1326184616488"
"697","14.230984334","33.1324618754378"
"698","14.247692698","33.1239707665659"
"699","14.26439894","33.1250077809062"
"700","14.281109213","33.1340761199506"
"701","14.31653591","33.1393734609525"
"702","14.333246243","33.1474007200169"
"703","14.349956546","33.1419379294354"
"704","14.366664789","33.1382300861797"
"705","14.383375061","33.1300639676468"
"706","14.41879791","33.1176257046137"
"707","14.435506092","33.1118704228113"
"708","14.452218395","33.1053115287653"
"709","14.468928667","33.1021192382173"
"710","14.48563691","33.0967908754192"
"711","14.52105791","33.0912246788505"
"712","14.537765849","33.0858460902871"
"713","14.554472061","33.0828044770347"
"714","14.571178273","33.0853349692646"
"715","14.587888546","33.083105831626"
"716","14.62331291","33.0750809967218"
"717","14.64002291","33.0698043364262"
"718","14.656733182","33.0709683925048"
"719","14.673443455","33.070247504984"
"720","14.690149698","33.0653682191619"
"721","14.72557191","33.0608094919299"
"722","14.742278152","33.0578107180217"
"723","14.758984364","33.0534617572405"
"724","14.775692607","33.0553984038384"
"725","14.792403001","33.0570632403874"
"726","14.82782691","33.0516905602375"
"727","14.844537182","33.049353584709"
"728","14.861247455","33.0479708988085"
"729","14.877953667","33.0465143514816"
"730","14.894660243","33.0440134035867"
"731","14.93008891","33.0374146237601"
"732","14.946795364","33.0346935688148"
"733","14.963505637","33.0384723193848"
"734","14.98021591","33.0328248747291"
"735","14.996928243","33.0258582649994"
"736","15.03235291","33.0107772389751"
"737","15.049062667","33.0088553646625"
"738","15.06577091","33.0061756721159"
"739","15.082479152","32.995399290017"
"740","15.099185364","32.9954879237286"
"741","15.13461091","32.9934050315066"
"742","15.151321273","32.9992947416407"
"743","15.168029516","32.9950196422858"
"744","15.184735789","32.9837646381445"
"745","15.201444031","32.9851458468165"
"746","15.23686991","32.9946547668398"
"747","15.253575879","32.9907061349892"
"748","15.270284122","32.9770269988363"
"749","15.286992364","32.987007276369"
"750","15.303703395","33.0014058228671"
"751","15.33913291","33.0130168391259"
"752","15.355843031","33.0107566794725"
"753","15.372553334","33.0236070904693"
"754","15.389263637","33.0353658295813"
"755","15.40597394","33.0383453995297"
"756","15.44139691","33.0517004767088"
"757","15.458108576","33.0634606927248"
"758","15.474814789","33.0621784583947"
"759","15.491525092","33.0747688768225"
"760","15.508235364","33.0730818818859"
"761","15.54365991","33.0762726954262"
"762","15.56036991","33.0779700309622"
"763","15.577078152","33.0900641006171"
"764","15.593786395","33.0957662025919"
"765","15.610494637","33.0964472049262"
"766","15.64592091","33.1197874150822"
"767","15.662627122","33.1357917085524"
"768","15.679335395","33.155137492869"
"769","15.696043637","33.1589753324883"
"770","15.71275391","33.169645353878"
"771","15.74818291","33.2111022942462"
"772","15.764891122","33.239973247872"
"773","15.781601395","33.261763845341"
"774","15.798309637","33.2930338180361"
"775","15.81502194","33.3021527495103"
"776","15.85044591","33.3059876346726"
"777","15.867153789","33.2960739542703"
"778","15.883860001","33.3007139289602"
"779","15.900568698","33.2969499507654"
"780","15.91727697","33.3006149546513"
"781","15.95269991","33.2977151551237"
"782","15.969408122","33.2901428818794"
"783","15.986116364","33.2872711496931"
"784","16.002826667","33.2818467666746"
"785","16.01953491","33.2691041937122"
"786","16.05496091","33.2649413638249"
"787","16.071670819","33.264122979241"
"788","16.088381092","33.2622262178587"
"789","16.105089334","33.2636842423792"
"790","16.121797576","33.2625526853552"
"791","16.15722491","33.2584356495511"
"792","16.173933152","33.2594962996075"
"793","16.190641425","33.2610739796358"
"794","16.207349698","33.2641540010393"
"795","16.224060001","33.2646311458418"
"796","16.25948191","33.2633855168011"
"797","16.276192485","33.2626411160782"
"798","16.292901485","33.2590573596145"
"799","16.309609758","33.2546758997336"
"800","16.326320031","33.2548250998172"
"801","16.36174291","33.2428329584437"
"802","16.378450516","33.2449173279286"
"803","16.395160789","33.2498985426011"
"804","16.411867001","33.2503801191085"
"805","16.428575243","33.2513772483802"
"806","16.46399891","33.2531321958982"
"807","16.480707243","33.2554691714652"
"808","16.497417516","33.2530435621852"
"809","16.514125758","33.2537999032031"
"810","16.530834001","33.2501777387971"
"811","16.56626291","33.2460887701692"
"812","16.582968698","33.2385105877048"
"813","16.59967897","33.2429230693853"
"814","16.616387213","33.2409096068709"
"815","16.633095455","33.2456175342615"
"816","16.66852291","33.2435745271761"
"817","16.685231364","33.2355620395179"
"818","16.701937576","33.2374794821765"
"819","16.718643789","33.2352680710363"
"820","16.735352031","33.2327006478155"
"821","16.77077791","33.2294344954902"
"822","16.78748797","33.2286840633865"
"823","16.804198243","33.2265509453595"
"824","16.820906485","33.2236023971726"
"825","16.837614728","33.2209064550678"
"826","16.87303891","33.2230971850083"
"827","16.889746395","33.221773588227"
"828","16.90645494","33.219318434376"
"829","16.923162122","33.2223319806191"
"830","16.939868364","33.2210320194946"
"831","16.97529491","33.2210807680368"
"832","16.992004819","33.2253085961485"
"833","17.008715122","33.2254312061182"
"834","17.025423395","33.2219523328816"
"835","17.042135698","33.2256010874015"
"836","17.07756391","33.2217984861734"
"837","17.094273698","33.2227631163145"
"838","17.11098197","33.2261917634163"
"839","17.127690213","33.2256023492872"
"840","17.144400485","33.225098614405"
"841","17.17982591","33.230707650616"
"842","17.196533728","33.2284637406859"
"843","17.213242001","33.230692878332"
"844","17.229950243","33.2321051086764"
"845","17.246662546","33.2309440071589"
"846","17.28209091","33.2354555850374"
"847","17.298801243","33.2334421227294"
"848","17.315509485","33.2315763832613"
"849","17.332217758","33.2294669011073"
"850","17.348930061","33.2297342794476"
"851","17.38435991","33.2337006376993"
"852","17.401067728","33.2342472122069"
"853","17.417778001","33.2311524187107"
"854","17.434486243","33.2265139215374"
"855","17.451192607","33.2219138323025"
"856","17.48662291","33.2171157944621"
"857","17.503330576","33.214062363361"
"858","17.520038819","33.2148866568077"
"859","17.536747061","33.2179548601928"
"860","17.553455304","33.2103412250236"
"861","17.58888191","33.2078166416894"
"862","17.60559194","33.2090264917483"
"863","17.622302213","33.2100768011401"
"864","17.639012516","33.2132956818219"
"865","17.655720789","33.2107563262037"
"866","17.69114591","33.2146089378687"
"867","17.707855485","33.2145926883563"
"868","17.724565758","33.20614589637"
"869","17.741274031","33.2066865619641"
"870","17.757984304","33.2046627590573"
"871","17.79340791","33.1963769849665"
"872","17.810117576","33.1958880223663"
"873","17.826823758","33.1940798948058"
"874","17.843532001","33.1903690970671"
"875","17.860242304","33.1875150918"
"876","17.89566591","33.1701028098017"
"877","17.912377152","33.1653417041779"
"878","17.929085455","33.1725284180655"
"879","17.945793728","33.182136308533"
"880","17.962504001","33.1848455445597"
"881","17.99792691","33.1837775087651"
"882","18.014633182","33.1850272435953"
"883","18.031341425","33.1867290101726"
"884","18.048047667","33.1906672998384"
"885","18.06475591","33.1917855613827"
"886","18.10018191","33.2001038318659"
"887","18.116890243","33.1984670633176"
"888","18.133596455","33.2006179071861"
"889","18.150306728","33.2064559119721"
"890","18.16701294","33.2145718022287"
"891","18.20244191","33.2065061377218"
"892","18.219150364","33.2000476972045"
"893","18.235856576","33.2040081452893"
"894","18.252566849","33.2050968622749"
"895","18.269275092","33.2053184464647"
"896","18.30469791","33.2013076503915"
"897","18.321407879","33.2022515990364"
"898","18.338114092","33.1908400133061"
"899","18.354824364","33.1816383605535"
"900","18.371532607","33.1834686459541"
"901","18.40695891","33.1749169734891"
"902","18.423668516","33.1757486528115"
"903","18.440380849","33.1781151719494"
"904","18.457087061","33.1768225975139"
"905","18.473797364","33.1741355199161"
"906","18.50922391","33.1558961867107"
"907","18.52593197","33.1844199807386"
"908","18.542642243","33.1923453085629"
"909","18.559352637","33.1907513796305"
"910","18.57606291","33.1822706141059"
"911","18.61148891","33.1745653932426"
"912","18.628198758","33.1718369532628"
"913","18.644909031","33.1727986286428"
"914","18.661615273","33.1653799899972"
"915","18.678323516","33.1570055848833"
"916","18.71374991","33.1356533325124"
"917","18.730455728","33.1122392760412"
"918","18.747168031","33.0839326419655"
"919","18.763874273","33.0806487651494"
"920","18.780582516","33.0784388327531"
"921","18.81600891","33.0714973405539"
"922","18.832717122","33.0769113794792"
"923","18.849427425","33.0760206112741"
"924","18.866135667","33.0742612332768"
"925","18.88284594","33.0768537676053"
"926","18.91827291","33.0796161831006"
"927","18.934983001","33.0721620929458"
"928","18.951689243","33.0771994388491"
"929","18.968397485","33.0728312770203"
"930","18.985107758","33.0649428819695"
"931","19.02053291","33.0465794664495"
"932","19.037241092","33.0473180802183"
"933","19.053949364","33.0456222230051"
"934","19.070659637","33.054181279358"
"935","19.087367879","33.0568077899199"
"936","19.12279291","33.0470418386687"
"937","19.139503092","33.0478794266826"
"938","19.156213364","33.0312872069801"
"939","19.172925667","33.0173347928874"
"940","19.18963797","33.0064402397975"
"941","19.22506391","33.005400271611"
"942","19.241772243","33.0052953884558"
"943","19.258480485","33.0000955475234"
"944","19.275188728","32.988215683666"
"945","19.291895395","32.9755160799353"
"946","19.32732091","32.9591099908424"
"947","19.344028546","32.9600022362784"
"948","19.36073694","32.9588692027529"
"949","19.377445182","32.9608693688461"
"950","19.394155455","32.956589840654"
"951","19.42957891","32.9429949155754"
"952","19.446288698","32.9456952875241"
"953","19.46299897","32.944130903556"
"954","19.479707213","32.9337917879824"
"955","19.496413455","32.9311106199917"
"956","19.53183391","32.9236965121991"
"957","19.548541607","32.9182189525147"
"958","19.565247849","32.9177979426684"
"959","19.581958122","32.9181125921324"
"960","19.598668395","32.9127901413387"
"961","19.63409591","32.9046801621943"
"962","19.650804001","32.9001303013992"
"963","19.667510243","32.9026755644349"
"964","19.684220516","32.904164609786"
"965","19.700930789","32.9045723245845"
"966","19.73635891","32.90698611437"
"967","19.753067425","32.9062342055568"
"968","19.769775789","32.9083540270635"
"969","19.786486061","32.9112360979763"
"970","19.803194304","32.9064882886921"
"971","19.83862391","32.8997905390671"
"972","19.855332455","32.8989278381891"
"973","19.872044789","32.8999530340955"
"974","19.888755364","32.8983044481711"
"975","19.90546394","32.8901693561586"
"976","19.94089191","32.8910379659467"
"977","19.95759794","32.8853166637197"
"978","19.974310243","32.8833002481401"
"979","19.991020516","32.8813517850269"
"980","20.007728758","32.8746880116351"
"981","20.04315591","32.8732565781577"
"982","20.059862213","32.8732019207391"
"983","20.076568425","32.8708944913358"
"984","20.093278698","32.8689002341692"
"985","20.10998694","32.8700894023315"
"986","20.14541391","32.8725504633979"
"987","20.162120304","32.8702400795397"
"988","20.178826516","32.8661511137342"
"989","20.195534758","32.8649368327039"
"990","20.21224097","32.8637639140444"
"991","20.24766591","32.8663136087626"
"992","20.264376273","32.8670389274803"
"993","20.281086546","32.8654166896391"
"994","20.297795576","32.863598222562"
"995","20.314503849","32.8626882504096"
"996","20.34992791","32.8602401773103"
"997","20.366638607","32.8674741607488"
"998","20.383348879","32.8679867587176"
"999","20.400055122","32.8727375226013"
"1000","20.416765425","32.8752458550249"
"1001","20.45219091","32.8788680170407"
"1002","20.468902789","32.8801975218589"
"1003","20.485611031","32.8791693714662"
"1004","20.502321334","32.8807440960619"
"1005","20.519031607","32.8853515688707"
"1006","20.55446191","32.9452043985579"
"1007","20.571170334","32.9477378438503"
"1008","20.587882637","32.9480037448139"
"1009","20.60459294","32.947401035963"
"1010","20.621299152","32.9520587345094"
"1011","20.65672091","32.9774138686198"
"1012","20.673429425","32.9886142080992"
"1013","20.690135637","32.9961584093286"
"1014","20.706841849","33.0087547288671"
"1015","20.723550092","33.0197600743066"
"1016","20.75897491","33.0326932017324"
"1017","20.775685273","33.0387158585587"
"1018","20.792395576","33.046675160737"
"1019","20.809105849","33.0657609410158"
"1020","20.825812061","33.0747483935867"
"1021","20.86123891","33.1181670664935"
"1022","20.877949304","33.1274691685381"
"1023","20.894657879","33.1513795740794"
"1024","20.911366789","33.1601528286518"
"1025","20.928077092","33.161705394834"
"1026","20.96350391","33.1697370811634"
"1027","20.980210001","33.1711197661743"
"1028","20.996920273","33.1703383127867"
"1029","21.013630546","33.1678757744179"
"1030","21.030336879","33.1807823117473"
"1031","21.06575991","33.2048862341011"
"1032","21.082465819","33.2057873429223"
"1033","21.099174061","33.2010099889423"
"1034","21.115884455","33.204475564835"
"1035","21.132590698","33.2071921863468"
"1036","21.16801491","33.2162207902182"
"1037","21.184726819","33.2172474636067"
"1038","21.201437092","33.2171026952728"
"1039","21.218145334","33.2139576770799"
"1040","21.234857637","33.2094092923847"
"1041","21.27028691","33.2091005517542"
"1042","21.28699297","33.2057386255705"
"1043","21.30369994","33.20279451035"
"1044","21.320408182","33.1961735748667"
"1045","21.337114425","33.1991649613802"
"1046","21.37254291","33.2034001737923"
"1047","21.389249061","33.2063959919895"
"1048","21.405955334","33.2117996916767"
"1049","21.422663576","33.2115426540208"
"1050","21.439374001","33.2078082218695"
"1051","21.47479791","33.20898704974"
"1052","21.491508334","33.2055968116913"
"1053","21.508218607","33.208121394186"
"1054","21.524926879","33.2037635718576"
"1055","21.541633092","33.1983731672216"
"1056","21.57705991","33.1992609811942"
"1057","21.593766243","33.1985179355565"
"1058","21.610472485","33.1960332382154"
"1059","21.62718291","33.1994884742921"
"1060","21.643893182","33.2002581100321"
"1061","21.67931991","33.2018239716145"
"1062","21.696026364","33.2016865894191"
"1063","21.712734637","33.2018298805261"
"1064","21.729440849","33.201110470535"
"1065","21.746147061","33.1978768186445"
"1066","21.78157091","33.1979964741051"
"1067","21.79828097","33.1965133372855"
"1068","21.814991243","33.1947096420099"
"1069","21.831697576","33.1983702127658"
"1070","21.848407849","33.1952015589032"
"1071","21.88382991","33.2059690731241"
"1072","21.900541061","33.2054269304819"
"1073","21.917248819","33.2024296350567"
"1074","21.933957092","33.2027354212337"
"1075","21.950665395","33.2017205656609"
"1076","21.98609391","33.1972077079937"
"1077","22.002804031","33.1980142746532"
"1078","22.019514304","33.2007574876326"
"1079","22.036220516","33.1983688094486"
"1080","22.052930789","33.1989331106646"
"1081","22.08835491","33.1975917873554"
"1082","22.105065364","33.197749850785"
"1083","22.121771576","33.1964114819324"
"1084","22.138479819","33.1934230490529"
"1085","22.155190092","33.1958826341959"
"1086","22.19061391","33.197571106159"
"1087","22.20732397","33.1960702421918"
"1088","22.224034243","33.194443813818"
"1089","22.240742607","33.1951794735184"
"1090","22.257450849","33.1980896132972"
"1091","22.29287491","33.2009715635006"
"1092","22.309584334","33.2011414447561"
"1093","22.326290546","33.1979639266641"
"1094","22.343000819","33.1917315004296"
"1095","22.359707031","33.1913311715579"
"1096","22.39512991","33.189326572743"
"1097","22.411840213","33.1876957126902"
"1098","22.428548455","33.1878729800873"
"1099","22.445254667","33.1917167281465"
"1100","22.461960879","33.1948765194988"
"1101","22.49738591","33.2012212150848"
"1102","22.514094304","33.2018977856501"
"1103","22.530800516","33.2037782972871"
"1104","22.547506728","33.203825568593"
"1105","22.56421294","33.1990807112654"
"1106","22.59963891","33.2038462497894"
"1107","22.616346849","33.2016215439564"
"1108","22.633055152","33.1989374201195"
"1109","22.649763425","33.2024591324075"
"1110","22.666471637","33.2076220453464"
"1111","22.70189891","33.2113505695976"
"1112","22.718611031","33.2080474870993"
"1113","22.735319425","33.2053574543492"
"1114","22.752027667","33.2009124743682"
"1115","22.76873591","33.2005919158252"
"1116","22.80416291","33.1966323739236"
"1117","22.820869273","33.1957076286449"
"1118","22.837579546","33.1899272320388"
"1119","22.854287789","33.18813239895"
"1120","22.870998061","33.1918712652445"
"1121","22.90642391","33.1944608474705"
"1122","22.923131364","33.1892905463917"
"1123","22.939841667","33.1896465585517"
"1124","22.95655197","33.1888045380903"
"1125","22.973260213","33.1838558213434"
"1126","23.00868291","33.1831334564213"
"1127","23.025390516","33.183075844495"
"1128","23.042098758","33.1811259023738"
"1129","23.05880497","33.1859268962327"
"1130","23.075515243","33.1833343595489"
"1131","23.11094191","33.1914827540491"
"1132","23.127651637","33.1914280965806"
"1133","23.14435991","33.1887410172485"
"1134","23.161068182","33.1866640334437"
"1135","23.177778485","33.1865207422423"
"1136","23.21320391","33.1913069638124"
"1137","23.229910364","33.1874971905318"
"1138","23.246616576","33.1843831920535"
"1139","23.263326849","33.1791006215798"
"1140","23.280037122","33.1760077925734"
"1141","23.31546291","33.1734728677787"
"1142","23.332173213","33.1762973294381"
"1143","23.348881485","33.1786165788131"
"1144","23.365589728","33.1910208698976"
"1145","23.38229797","33.1944258825152"
"1146","23.41772191","33.2023763284621"
"1147","23.434429819","33.1989092722307"
"1148","23.451136031","33.1924124195226"
"1149","23.467842273","33.1862523750041"
"1150","23.484552546","33.1873159798131"
"1151","23.51997591","33.1692420842053"
"1152","23.536685516","33.1607096100712"
"1153","23.553391728","33.1572632350444"
"1154","23.570104031","33.1488474619936"
"1155","23.586814304","33.1495609635529"
"1156","23.62223891","33.1347601758721"
"1157","23.638946789","33.1306564340192"
"1158","23.655657061","33.120835816367"
"1159","23.672367334","33.1137259137255"
"1160","23.689077607","33.1100239781304"
"1161","23.72450091","33.1026570376623"
"1162","23.74121091","33.0932382262678"
"1163","23.757921182","33.0897357165726"
"1164","23.774629425","33.0862154801308"
"1165","23.791335637","33.0898273047637"
"1166","23.82676391","33.0976817307651"
"1167","23.843471667","33.0955663389964"
"1168","23.86018194","33.0861800266375"
"1169","23.876894243","33.0800687307248"
"1170","23.893605001","33.078234012445"
"1171","23.92903491","33.0815105061202"
"1172","23.945745182","33.0755587509275"
"1173","23.962455425","33.0749900178054"
"1174","23.979163667","33.0730282578411"
"1175","23.99587191","33.0732040480789"
"1176","24.03129891","33.0691017834549"
"1177","24.048009425","33.062993442"
"1178","24.064719698","33.0621056274379"
"1179","24.08142794","33.0590433319515"
"1180","24.098136213","33.0555393450275"
"1181","24.13355891","33.0501814358481"
"1182","24.150268667","33.0413727199846"
"1183","24.16697691","33.0411334089046"
"1184","24.183687182","33.0368154688629"
"1185","24.200395425","33.0340958904787"
"1186","24.23582091","33.0321400394301"
"1187","24.252528789","33.0293510312882"
"1188","24.269239061","33.0258603394241"
"1189","24.285947334","33.0224091683078"
"1190","24.302656304","33.0226410932408"
"1191","24.33808891","33.0186510980562"
"1192","24.354796698","33.0201785527104"
"1193","24.37150494","33.0153952856213"
"1194","24.388215213","33.016580023177"
"1195","24.404927546","33.01541005791"
"1196","24.44035691","33.0099012294083"
"1197","24.457064849","33.010097700828"
"1198","24.473775122","33.0108333607306"
"1199","24.490485395","33.0092349992555"
"1200","24.507193637","33.0068655243886"
"1201","24.54261891","33.0093206785213"
"1202","24.55932894","33.0059112346355"
"1203","24.576039213","33.0045625248141"
"1204","24.592747455","33.0047471784041"
"1205","24.609457758","33.0030468881474"
"1206","24.64488391","33.000479464632"
"1207","24.661592243","32.9967258264544"
"1208","24.678300485","32.9957656277864"
"1209","24.695006698","32.9958823288553"
"1210","24.71171494","32.9942012425719"
"1211","24.74714391","32.9978396569093"
"1212","24.763852334","32.9935719431372"
"1213","24.780558576","32.9856185437086"
"1214","24.797264789","32.9784938695919"
"1215","24.813973061","32.9770550488186"
"1216","24.84939891","32.9773889025093"
"1217","24.866107273","32.9782841031137"
"1218","24.882817546","32.9736677633636"
"1219","24.899526092","32.9786977271553"
"1220","24.916236213","32.9819520620255"
"1221","24.95166091","32.9806816453263"
"1222","24.968367364","32.980830845427"
"1223","24.985075607","32.9767477852449"
"1224","25.001785879","32.9756280458751"
"1225","25.018496152","32.9785101191078"
"1226","25.05391991","32.9779916118271"
"1227","25.070632122","32.9769413022072"
"1228","25.087340395","32.9772973143287"
"1229","25.104046607","32.9767256268141"
"1230","25.12075691","32.9769014170317"
"1231","25.15618091","32.9721831485"
"1232","25.172889425","32.9665593387629"
"1233","25.189599698","32.9679036168981"
"1234","25.20630794","32.9714533975123"
"1235","25.223018213","32.9697841290587"
"1236","25.25844391","32.9707497780645"
"1237","25.275154061","32.9717291807382"
"1238","25.291862304","32.9736850316281"
"1239","25.308571273","32.969570949507"
"1240","25.325281546","32.9648748392509"
"1241","25.36070591","32.9614831219977"
"1242","25.377414485","32.9639530484992"
"1243","25.394124789","32.964133270409"
"1244","25.410833031","32.9615363022334"
"1245","25.427541273","32.9579392501814"
"1246","25.46296991","32.9540275484016"
"1247","25.47967994","32.9482973780074"
"1248","25.496388182","32.9556436366746"
"1249","25.513098455","32.9555579574061"
"1250","25.529808728","32.9579377729526"
"1251","25.56523791","32.9577058480359"
"1252","25.581946395","32.9600487328632"
"1253","25.598654637","32.9664096799417"
"1254","25.615362879","32.9758861024936"
"1255","25.632071122","32.9942140798282"
"1256","25.66749891","33.0195943473051"
"1257","25.684211122","33.0338230148063"
"1258","25.700921395","33.0346192411126"
"1259","25.717631667","33.0470560301172"
"1260","25.73434197","33.0499469668178"
"1261","25.76976791","33.0897863494838"
"1262","25.78647791","33.1208997418124"
"1263","25.803188182","33.1231599018287"
"1264","25.819898455","33.1279520319547"
"1265","25.836606698","33.1431349892405"
"1266","25.87203291","33.1530900339135"
"1267","25.888744395","33.1624143019022"
"1268","25.90545297","33.1652284227068"
"1269","25.922164243","33.1679435691838"
"1270","25.938872546","33.1703071352139"
"1271","25.97429591","33.1826080191718"
"1272","25.991001425","33.1915674116546"
"1273","26.007711758","33.1996434213337"
"1274","26.02441797","33.1982119866567"
"1275","26.041126213","33.199449904365"
"1276","26.07655291","33.1879433536731"
"1277","26.093260728","33.1925449216694"
"1278","26.10996897","33.1916408575879"
"1279","26.126675182","33.194805081873"
"1280","26.143383425","33.1963783306422"
"1281","26.17880891","33.1934548946664"
"1282","26.195518728","33.1889862772703"
"1283","26.212229001","33.19567516969"
"1284","26.228937213","33.1857895539496"
"1285","26.245645455","33.1875120028368"
"1286","26.28106991","33.1913350712074"
"1287","26.297776819","33.1842281230116"
"1288","26.314485061","33.1810092412575"
"1289","26.331195334","33.1843344834917"
"1290","26.347903607","33.183827793982"
"1291","26.38333191","33.1855458111826"
"1292","26.400041728","33.1827863476137"
"1293","26.416750001","33.1787136275605"
"1294","26.433460273","33.1780237616683"
"1295","26.450170546","33.1846506104745"
"1296","26.48559691","33.1836283680817"
"1297","26.502306789","33.1807994747549"
"1298","26.519015061","33.1799205235646"
"1299","26.535721273","33.1865532812864"
"1300","26.552429637","33.1835131442282"
"1301","26.58785591","33.1824864701488"
"1302","26.604565576","33.1839474495222"
"1303","26.621273819","33.1824672661732"
"1304","26.637984092","33.185432064558"
"1305","26.654692334","33.1875031394635"
"1306","26.69011591","33.1911164413315"
"1307","26.706825637","33.1932731955128"
"1308","26.723533879","33.1909554233824"
"1309","26.740240092","33.1933322846684"
"1310","26.756948364","33.1950739375312"
"1311","26.79237391","33.1977624941133"
"1312","26.809080334","33.1985986056658"
"1313","26.825788576","33.1979899873626"
"1314","26.842498849","33.2011822789966"
"1315","26.859205061","33.200783427196"
"1316","26.89462891","33.1939817822686"
"1317","26.911336001","33.1928428387746"
"1318","26.928042243","33.1905812013047"
"1319","26.944748485","33.1896800916661"
"1320","26.961458879","33.1912119780517"
"1321","26.99688491","33.1923228541963"
"1322","27.013595455","33.1875986761239"
"1323","27.030303728","33.1888395484131"
"1324","27.047012001","33.1902931416661"
"1325","27.063720273","33.1869368775696"
"1326","27.09914691","33.1875410641962"
"1327","27.115854485","33.1872411867263"
"1328","27.132562728","33.1877656029913"
"1329","27.149273001","33.1862868968467"
"1330","27.165983273","33.1833442568466"
"1331","27.20140891","33.1864035979311"
"1332","27.218114546","33.1856900963648"
"1333","27.234820789","33.1846250143166"
"1334","27.251529031","33.1851730662443"
"1335","27.268239304","33.187473111666"
"1336","27.30366691","33.1870301870479"
"1337","27.320376849","33.1900732786365"
"1338","27.337087152","33.1881750394659"
"1339","27.353797425","33.1912004043075"
"1340","27.370507698","33.1925919539563"
"1341","27.40593291","33.1909921150289"
"1342","27.422640849","33.1905179245434"
"1343","27.439347061","33.189139669955"
"1344","27.456055304","33.1895976109222"
"1345","27.472763546","33.1873758586167"
"1346","27.50818991","33.1833947266597"
"1347","27.524896152","33.1828850826801"
"1348","27.541606455","33.1819219294199"
"1349","27.558314698","33.1823532802665"
"1350","27.57502294","33.1816973906231"
"1351","27.61044891","33.1803501578421"
"1352","27.627155364","33.18109615845"
"1353","27.643861576","33.1786971386733"
"1354","27.660571849","33.180031076394"
"1355","27.677280092","33.1783056730078"
"1356","27.71270891","33.176252375658"
"1357","27.72941694","33.1729241788076"
"1358","27.746125182","33.1745343583757"
"1359","27.762835455","33.178635145973"
"1360","27.779543728","33.1788449124856"
"1361","27.81497291","33.1743541364424"
"1362","27.831681061","33.1747736694675"
"1363","27.848389304","33.1754192185237"
"1364","27.865101607","33.1780649355939"
"1365","27.88181391","33.1798036340816"
"1366","27.91723491","33.1761977181865"
"1367","27.933947152","33.1798509054084"
"1368","27.950657485","33.1817683486005"
"1369","27.967367758","33.1820682260797"
"1370","27.984078031","33.1808436032706"
"1371","28.01950491","33.18094405484"
"1372","28.036213395","33.1804122524138"
"1373","28.052921667","33.1807357655564"
"1374","28.069627879","33.1814241542525"
"1375","28.086338152","33.1815763088355"
"1376","28.12176391","33.1795864814243"
"1377","28.138470152","33.1776867649797"
"1378","28.155182485","33.1753542204494"
"1379","28.171892758","33.1711500268248"
"1380","28.188603092","33.1684791968623"
"1381","28.22403091","33.1688558902475"
"1382","28.240740576","33.1655203072522"
"1383","28.257450849","33.1583542695597"
"1384","28.274161122","33.1555918514015"
"1385","28.290869364","33.1514435486817"
"1386","28.32629491","33.1469719766478"
"1387","28.343004758","33.1420926894235"
"1388","28.359715031","33.137971220651"
"1389","28.376421273","33.1366579641138"
"1390","28.393129546","33.1318865146029"
"1391","28.42855591","33.1303871272179"
"1392","28.445261485","33.1350980103418"
"1393","28.461969728","33.138030309809"
"1394","28.47867594","33.1408680666234"
"1395","28.495386213","33.143637870906"
"1396","28.53081491","33.1453174057097"
"1397","28.547523031","33.1507462227908"
"1398","28.564233334","33.1547657632746"
"1399","28.580941576","33.1503060085078"
"1400","28.597649819","33.1478360813895"
"1401","28.63307891","33.1504670264838"
"1402","28.649791546","33.1478478992226"
"1403","28.666497758","33.148935139868"
"1404","28.683208031","33.1411723007492"
"1405","28.699916304","33.1388368014824"
"1406","28.73534291","33.1325822133133"
"1407","28.75205297","33.1337772916857"
"1408","28.768763243","33.1343312526123"
"1409","28.785471607","33.1358040500627"
"1410","28.802179849","33.1344065912984"
"1411","28.83760791","33.1331834455723"
"1412","28.854315789","33.1285671045169"
"1413","28.871022001","33.1156206683539"
"1414","28.887732576","33.1163873502763"
"1415","28.904439122","33.1175129988793"
"1416","28.93986791","33.1090159768791"
"1417","28.956576455","33.1038840828546"
"1418","28.973286728","33.0911045735841"
"1419","28.989999061","33.0800652402378"
"1420","29.006709334","33.0684689915066"
"1421","29.04213391","33.0530245608716"
"1422","29.058841485","33.0477183538089"
"1423","29.075549728","33.0455350091433"
"1424","29.09225794","33.0385713509881"
"1425","29.108964152","33.0086293935954"
"1426","29.14438591","32.9952974006274"
"1427","29.161096334","32.9989299070771"
"1428","29.177804576","33.0003081618626"
"1429","29.194510819","32.9983168569849"
"1430","29.211221122","33.0017853910003"
"1431","29.24664591","33.0010216635361"
"1432","29.263356425","33.0032700062837"
"1433","29.280066698","33.0069380877582"
"1434","29.296775728","33.0064062852666"
"1435","29.31348194","33.0038329520993"
"1436","29.34890391","33.0158726384178"
"1437","29.365610061","33.017787127531"
"1438","29.382316273","33.0148415323986"
"1439","29.399024516","33.0135519112599"
"1440","29.415736819","33.0119609353533"
"1441","29.45116291","32.9963805984119"
"1442","29.467873061","32.9986186007316"
"1443","29.484581304","33.0016144216586"
"1444","29.501289546","33.0050268212353"
"1445","29.517997789","33.0005833156394"
"1446","29.55342591","32.983252462032"
"1447","29.570136061","32.9784662392492"
"1448","29.586844304","32.9794589373078"
"1449","29.603554576","32.9836749495986"
"1450","29.620260789","32.9842599323832"
"1451","29.65568791","32.9890594502293"
"1452","29.672395698","32.989796587627"
"1453","29.68910191","32.9900713522682"
"1454","29.705812182","32.9931173989899"
"1455","29.722518395","32.9986717809848"
"1456","29.75794591","32.9937644254031"
"1457","29.774656334","32.9939993048545"
"1458","29.791364576","32.9901821444623"
"1459","29.808070819","32.9843470889092"
"1460","29.824781092","32.9779270505715"
"1461","29.86020991","32.9527358601038"
"1462","29.876917546","32.9430806896999"
"1463","29.893626122","32.9342985617851"
"1464","29.91033491","32.9306069658795"
"1465","29.927045213","32.9174758750411"
"1466","29.96246691","32.9072475396867"
"1467","29.979177364","32.9033683356658"
"1468","29.995887637","32.9060273483229"
"1469","30.01259791","32.9057791738083"
"1470","30.029310213","32.9020580333176"
"1471","30.06473091","32.8937633910566"
"1472","30.081437334","32.8945463225612"
"1473","30.098145576","32.8948801763726"
"1474","30.114851819","32.8976810030381"
"1475","30.131562092","32.8937692999736"
"1476","30.16698791","32.8873400743499"
"1477","30.18369591","32.885159684095"
"1478","30.200404152","32.8825656696725"
"1479","30.217114425","32.8815478587743"
"1480","30.233824698","32.8734526429227"
"1481","30.26924991","32.871935528565"
"1482","30.285958122","32.8723562968153"
"1483","30.302667122","32.8704683979499"
"1484","30.319377395","32.8758794883599"
"1485","30.336083637","32.8719219914425"
"1486","30.37150991","32.8654620683294"
"1487","30.388218304","32.8640055203785"
"1488","30.404926576","32.8578764965971"
"1489","30.421634819","32.8602592672308"
"1490","30.438345092","32.8596550805047"
"1491","30.47376991","32.8597762132958"
"1492","30.490477789","32.8521478019178"
"1493","30.507184001","32.8489451691007"
"1494","30.523894273","32.8446641589974"
"1495","30.540602516","32.8404924638519"
"1496","30.57602891","32.8413167577228"
"1497","30.592737122","32.8362616795401"
"1498","30.609443304","32.8354373856693"
"1499","30.626155637","32.8409504048913"
"1500","30.642863879","32.8419238989072"
"1501","30.67828791","32.8534935576818"
"1502","30.694997758","32.8526663093527"
"1503","30.711706122","32.8552071435065"
"1504","30.728414395","32.8566489191658"
"1505","30.745120607","32.8571674266007"
"1506","30.78054491","32.8626376061771"
"1507","30.797251152","32.8712705333833"
"1508","30.813961455","32.8864401996188"
"1509","30.830671728","32.8934777193331"
"1510","30.84737997","32.9211934928175"
"1511","30.88280891","32.9689464026169"
"1512","30.899521607","32.9755584803333"
"1513","30.916231364","32.9708239608782"
"1514","30.932943698","32.977698985385"
"1515","30.94964994","32.9878682309167"
"1516","30.98507391","33.0034576265033"
"1517","31.001781698","33.0178620854208"
"1518","31.018490061","33.0280283746496"
"1519","31.035198304","33.0315796329039"
"1520","31.051908607","33.0432970124684"
"1521","31.08733591","33.0621937244438"
"1522","31.104045516","33.0761963771029"
"1523","31.120755789","33.0821348372453"
"1524","31.137464031","33.0853389467102"
"1525","31.154174304","33.0899094928994"
"1526","31.18960291","33.0955421666613"
"1527","31.206313092","33.093482909587"
"1528","31.223021334","33.0904206140957"
"1529","31.239729576","33.0811199809971"
"1530","31.256440001","33.0854792834549"
"1531","31.29186491","33.0766471754773"
"1532","31.308576152","33.0702522515606"
"1533","31.325282364","33.0674913107428"
"1534","31.341992637","33.0702862278254"
"1535","31.358698849","33.0719407241956"
"1536","31.39412391","33.0725729781656"
"1537","31.410830092","33.0696229520484"
"1538","31.427538334","33.0708017807122"
"1539","31.444246576","33.0700941880681"
"1540","31.460954849","33.0678916397753"
"1541","31.49638191","33.0670392786988"
"1542","31.513090485","33.0644689004094"
"1543","31.529800758","33.0652178554627"
"1544","31.546511031","33.0667600824364"
"1545","31.563221304","33.0643315181215"
"1546","31.59864591","33.0644127657111"
"1547","31.615354031","33.0617980705546"
"1548","31.632062273","33.0568951478289"
"1549","31.648772576","33.0588096364859"
"1550","31.665482849","33.0579218219158"
"1551","31.70090991","33.0577933030013"
"1552","31.717616182","33.0557473409721"
"1553","31.734324395","33.0550338394124"
"1554","31.751034698","33.0528283366618"
"1555","31.76774497","33.0541563654447"
"1556","31.80316691","33.0513195230241"
"1557","31.819877213","33.050604544391"
"1558","31.836583455","33.0486147174927"
"1559","31.853293879","33.0469986294253"
"1560","31.870002122","33.0452230006712"
"1561","31.90542991","33.0462393339348"
"1562","31.922139182","33.0461772903344"
"1563","31.938847455","33.0464491003933"
"1564","31.955559789","33.0498851340722"
"1565","31.972266001","33.0497891142144"
"1566","32.00769391","33.0474255484852"
"1567","32.024404001","33.0474181623423"
"1568","32.041112243","33.0458936624469"
"1569","32.057820485","33.04434995858"
"1570","32.074528728","33.0433631698881"
"1571","32.10995791","33.0467992035669"
"1572","32.126668122","33.0476559961438"
"1573","32.143374304","33.0479248517455"
"1574","32.160080516","33.0460576348194"
"1575","32.176792849","33.0463811478786"
"1576","32.21222091","33.0430810192291"
"1577","32.228926728","33.0464313736503"
"1578","32.245637001","33.0477357664872"
"1579","32.262345243","33.0508852178213"
"1580","32.279055546","33.0502396689315"
"1581","32.31447891","33.0464430698085"
"1582","32.331191425","33.0436703117726"
"1583","32.347901698","33.0475288328114"
"1584","32.36461197","33.054087727686"
"1585","32.381320243","33.0508703238488"
"1586","32.41674691","33.0493679823877"
"1587","32.433456879","33.0492128733873"
"1588","32.450165122","33.0463706856083"
"1589","32.466875395","33.0485614155856"
"1590","32.483583637","33.0503798839618"
"1591","32.51900591","33.052873445797"
"1592","32.535711819","33.0545427140872"
"1593","32.552420061","33.0511288388495"
"1594","32.569128364","33.0481256331558"
"1595","32.585836607","33.0432374838"
"1596","32.62126291","33.0381982719552"
"1597","32.637969364","33.0388512067713"
"1598","32.654679637","33.0385616700655"
"1599","32.671385849","33.037755103528"
"1600","32.688098152","33.036973649868"
"1601","32.72352791","33.0350000731387"
"1602","32.740237485","33.0348272374521"
"1603","32.756945728","33.0371435310984"
"1604","32.77365397","33.037283867767"
"1605","32.790364243","33.032612872544"
"1606","32.82579091","33.0325198071743"
"1607","32.842498728","33.0338315857189"
"1608","32.859209031","33.0321593635201"
"1609","32.875917273","33.0303704403022"
"1610","32.892625819","33.0278458574951"
"1611","32.92805491","33.0339748768437"
"1612","32.944766879","33.035574714866"
"1613","32.961475122","33.0358893644493"
"1614","32.978181334","33.0382898600968"
"1615","32.994889576","33.0381923630428"
"1616","33.03031391","33.0391983553726"
"1617","33.047024182","33.0413477222447"
"1618","33.063732425","33.0404185457756"
"1619","33.080444849","33.039756747591"
"1620","33.097153122","33.0394908465346"
"1621","33.13257991","33.0422429224677"
"1622","33.149290334","33.0425309819454"
"1623","33.166000607","33.0441160476868"
"1624","33.182710879","33.0402516190014"
"1625","33.199421152","33.0361198120315"
"1626","33.23484691","33.0299907926829"
"1627","33.251555364","33.0312552999286"
"1628","33.268265637","33.0299095451379"
"1629","33.284973879","33.0316483642169"
"1630","33.30168491","33.0303572668608"
"1631","33.33710891","33.0293202527373"
"1632","33.353819334","33.0291710526996"
"1633","33.370527576","33.0285387990744"
"1634","33.387237849","33.0304089698442"
"1635","33.403948152","33.0295447914079"
"1636","33.43936991","33.0294003489243"
"1637","33.456081637","33.0273115483572"
"1638","33.472789879","33.0285213981906"
"1639","33.489500152","33.0265566847858"
"1640","33.506208395","33.0303088442205"
"1641","33.54163291","33.0292821706744"
"1642","33.558343304","33.0328880845248"
"1643","33.575049516","33.0366269489064"
"1644","33.591761849","33.0316930069726"
"1645","33.608474152","33.0345809879548"
"1646","33.64390191","33.0391042604702"
"1647","33.660612122","33.0417159997932"
"1648","33.677320395","33.0385946167674"
"1649","33.694028637","33.0418267919025"
"1650","33.71073891","33.0417824750588"
"1651","33.74616791","33.0454120245592"
"1652","33.762875607","33.0438771845384"
"1653","33.779583879","33.0408606847095"
"1654","33.796292122","33.0425506336832"
"1655","33.813002425","33.0404544469754"
"1656","33.84842891","33.0482926194007"
"1657","33.865134576","33.0466351694457"
"1658","33.881842819","33.0310991612668"
"1659","33.898551364","33.0084635947244"
"1660","33.915259728","33.0133295841645"
"1661","33.95068591","33.0083660976683"
"1662","33.967393637","33.002043561298"
"1663","33.984101879","33.0054766394579"
"1664","34.000812152","33.007683618275"
"1665","34.017520425","33.004714389746"
"1666","34.05294691","33.0119380352718"
"1667","34.069657395","33.024495951553"
"1668","34.086369698","33.0036153320218"
"1669","34.10307997","33.0001660043526"
"1670","34.119790243","33.0120724630311"
"1671","34.15521091","33.0254930805366"
"1672","34.171921213","33.0152012321975"
"1673","34.188629455","33.0081105372028"
"1674","34.205339728","33.0027614941662"
"1675","34.222048001","33.0088018799648"
"1676","34.25746991","33.0091064951495"
"1677","34.274178182","33.010821557109"
"1678","34.290888455","33.0143373602645"
"1679","34.307595425","33.0119147059893"
"1680","34.324305698","33.0109146224866"
"1681","34.35973491","32.9977717230434"
"1682","34.376443304","32.9980878498818"
"1683","34.393149516","32.9927683510737"
"1684","34.409855728","32.9917889487661"
"1685","34.42656397","32.9769221239941"
"1686","34.46198791","32.9408496881726"
"1687","34.478698122","32.9368523086184"
"1688","34.495406364","32.9337974006665"
"1689","34.512112576","32.9298059300252"
"1690","34.528822879","32.9360117657632"
"1691","34.56424791","32.9286271019083"
"1692","34.580956182","32.9278855333436"
"1693","34.597664425","32.929859110241"
"1694","34.614374698","32.9306139738597"
"1695","34.63108497","32.9278707610614"
"1696","34.66650991","32.9181121914624"
"1697","34.683220485","32.9160174818513"
"1698","34.699926698","32.9227565969755"
"1699","34.716633031","32.9209085844765"
"1700","34.733339243","32.9186484253051"
"1701","34.76876191","32.9107467315744"
"1702","34.785468364","32.9071275224437"
"1703","34.802178637","32.9058083576463"
"1704","34.818884849","32.9055217753722"
"1705","34.835593092","32.9081719227928"
"1706","34.87101791","32.9073505839044"
"1707","34.887725698","32.9121737340316"
"1708","34.904436273","32.9142137861988"
"1709","34.921143485","32.9097274441049"
"1710","34.937851758","32.9077213681868"
"1711","34.97327491","32.8948310747686"
"1712","34.989982728","32.8849484179994"
"1713","35.006693001","32.8799095925526"
"1714","35.023403273","32.8829290470273"
"1715","35.040113576","32.8808107017647"
"1716","35.07554391","32.8834736860371"
"1717","35.092256243","32.8818177131403"
"1718","35.108966516","32.8778203334268"
"1719","35.125672728","32.8814572694411"
"1720","35.142383001","32.8816256734645"
"1721","35.17780691","32.8733679674046"
"1722","35.194514789","32.8777641987524"
"1723","35.211221061","32.8756222177529"
"1724","35.227929334","32.8748511045932"
"1725","35.244637576","32.8550134060819"
"1726","35.28006591","32.8350885511023"
"1727","35.29677194","32.8305150523615"
"1728","35.313483182","32.8289240775088"
"1729","35.330193485","32.827429122494"
"1730","35.346903758","32.830228470076"
"1731","35.38232591","32.8252014622546"
"1732","35.399038092","32.8284956813089"
"1733","35.415748364","32.8309375396483"
"1734","35.432454607","32.8339259724495"
"1735","35.44916691","32.8308651554628"
"1736","35.48459491","32.8271381085238"
"1737","35.501301364","32.8301442680643"
"1738","35.518007576","32.8275118472774"
"1739","35.534713789","32.8308252702993"
"1740","35.551424061","32.8313496863371"
"1741","35.58684891","32.8277408176601"
"1742","35.603559213","32.824527846161"
"1743","35.620267485","32.8214950965115"
"1744","35.636973789","32.819133008499"
"1745","35.653684122","32.8156556131385"
"1746","35.68911091","32.8184564379488"
"1747","35.705818758","32.8180900853365"
"1748","35.72252497","32.8156881121606"
"1749","35.739235243","32.8131029626785"
"1750","35.755947546","32.8132964795826"
"1751","35.79137591","32.8135224955088"
"1752","35.808083607","32.8107142845571"
"1753","35.82479391","32.8153956209621"
"1754","35.841506213","32.8168920532051"
"1755","35.858218516","32.8129434220248"
"1756","35.89364591","32.8090576935835"
"1757","35.91035291","32.8099484622988"
"1758","35.927063243","32.8069570748219"
"1759","35.943773546","32.8070102550438"
"1760","35.960483849","32.8056231375915"
"1761","35.99590891","32.8067487856199"
"1762","36.012615122","32.8083308972187"
"1763","36.029323364","32.812351912879"
"1764","36.046029576","32.8140374304647"
"1765","36.062737819","32.8157066985382"
"1766","36.09816591","32.8080723822516"
"1767","36.114875789","32.8011102048795"
"1768","36.131584031","32.8008443037705"
"1769","36.148292364","32.7965824998837"
"1770","36.165000637","32.7976712172024"
"1771","36.20042591","32.796679996957"
"1772","36.217135637","32.798559031461"
"1773","36.233843879","32.8001381886031"
"1774","36.250554182","32.8097815354914"
"1775","36.267262455","32.8151069438144"
"1776","36.30268891","32.8290827598063"
"1777","36.319396576","32.8399403883463"
"1778","36.33610891","32.8570526018167"
"1779","36.352817152","32.8706224216491"
"1780","36.369523364","32.8828863716"
"1781","36.40494891","32.9009986686788"
"1782","36.421657243","32.9034567766911"
"1783","36.438367546","32.9268930048254"
"1784","36.455077819","32.9321755734865"
"1785","36.471788213","32.9365540783834"
"1786","36.50721291","32.9534328897709"
"1787","36.523924879","32.962135242115"
"1788","36.540631092","32.9766593514763"
"1789","36.557339334","32.995369926046"
"1790","36.574045576","33.0048877084519"
"1791","36.60947091","33.0226469479495"
"1792","36.626176849","33.0238582752152"
"1793","36.642885092","33.0389466858149"
"1794","36.659591425","33.0391830423545"
"1795","36.676301698","33.0402599418383"
"1796","36.71172991","33.0472637017778"
"1797","36.72843791","33.0482962844679"
"1798","36.745144122","33.0551653967836"
"1799","36.761850485","33.0547990441268"
"1800","36.778556698","33.0586679054504"
"1801","36.81398191","33.0674721870422"
"1802","36.830692273","33.0657630337198"
"1803","36.847398485","33.0711682126366"
"1804","36.864106728","33.0789857056204"
"1805","36.880819031","33.0825975291929"
"1806","36.91624591","33.0901077586581"
"1807","36.932953758","33.0934197048542"
"1808","36.949662031","33.0942203626768"
"1809","36.966370273","33.0957847476107"
"1810","36.983078546","33.0918848644895"
"1811","37.01850691","33.0923590548235"
"1812","37.03521494","33.0912496562538"
"1813","37.051923182","33.0864471865466"
"1814","37.068633455","33.0856317564395"
"1815","37.085343728","33.0917548683854"
"1816","37.12076991","33.0911314779774"
"1817","37.137476213","33.0924964370698"
"1818","37.154186485","33.0934300454534"
"1819","37.170894728","33.0892022176152"
"1820","37.187607031","33.0884251954479"
"1821","37.22303591","33.085763229772"
"1822","37.239748334","33.0866480896165"
"1823","37.256456576","33.0846213321762"
"1824","37.27316891","33.0853584691753"
"1825","37.289879182","33.0764467149329"
"1826","37.32530491","33.0743726861592"
"1827","37.342014879","33.0721450256246"
"1828","37.358721092","33.0693146558737"
"1829","37.375429334","33.0685361564693"
"1830","37.392137576","33.0662198622264"
"1831","37.42756491","33.0659923690419"
"1832","37.44427491","33.0667634823039"
"1833","37.460985182","33.0650070576515"
"1834","37.477691395","33.0639981106057"
"1835","37.494399637","33.0635519876074"
"1836","37.52982591","33.0617380679367"
"1837","37.546533789","33.0625313396586"
"1838","37.563242092","33.0582178323441"
"1839","37.579948425","33.0581469253745"
"1840","37.596654667","33.0585590721351"
"1841","37.63207691","33.0600067560968"
"1842","37.648787455","33.059033262494"
"1843","37.665495698","33.0556016606133"
"1844","37.68220397","33.0503796577513"
"1845","37.698912213","33.0512246324719"
"1846","37.73434091","33.0506248776877"
"1847","37.751047122","33.0537566021763"
"1848","37.767755395","33.0562191421398"
"1849","37.784465667","33.0561039183143"
"1850","37.80117394","33.0608295723893"
"1851","37.83659891","33.0567509444114"
"1852","37.853306819","33.0567465127259"
"1853","37.870015092","33.0601382294362"
"1854","37.886723364","33.0635875580592"
"1855","37.90343191","33.0615932995406"
"1856","37.93885691","33.0634161995495"
"1857","37.955567243","33.062845989336"
"1858","37.972275485","33.0611442220667"
"1859","37.988985789","33.0604277662285"
"1860","38.005692001","33.0624855455741"
"1861","38.04111691","33.062890306192"
"1862","38.057825425","33.0664932665824"
"1863","38.074531637","33.063689486828"
"1864","38.09124197","33.0633423381229"
"1865","38.107952243","33.060085049209"
"1866","38.14337491","33.0592770052018"
"1867","38.16008091","33.0590081496089"
"1868","38.176789152","33.0607320753062"
"1869","38.193499425","33.0581764699452"
"1870","38.210205637","33.062410206919"
"1871","38.24563191","33.0730728424656"
"1872","38.262340243","33.0713577801395"
"1873","38.279050516","33.0697121475545"
"1874","38.295758789","33.0688893312619"
"1875","38.312467789","33.0687253588948"
"1876","38.34789091","33.070341559472"
"1877","38.364598819","33.0678937920689"
"1878","38.381309213","33.0690977331875"
"1879","38.398015425","33.0727287605121"
"1880","38.414723698","33.0670990432078"
"1881","38.45014991","33.0654120484134"
"1882","38.466857849","33.0631489345561"
"1883","38.483564122","33.0638816398258"
"1884","38.500270334","33.064753204562"
"1885","38.516978576","33.0699722523804"
"1886","38.55240491","33.0697063512744"
"1887","38.569112849","33.065664654464"
"1888","38.585823122","33.0668109836763"
"1889","38.602533395","33.0652155770406"
"1890","38.619243667","33.0614840981872"
"1891","38.65467191","33.0571174111361"
"1892","38.671378395","33.0583686235625"
"1893","38.688086698","33.0605756027418"
"1894","38.70479494","33.05594744627"
"1895","38.721501152","33.0551069033295"
"1896","38.75692391","33.0543564713194"
"1897","38.773630273","33.0575620568744"
"1898","38.790338516","33.0532780946119"
"1899","38.807044728","33.0524523239551"
"1900","38.82375094","33.0528467439289"
"1901","38.85917391","33.0457604794554"
"1902","38.875882122","33.0441355282524"
"1903","38.892592698","33.0504462478336"
"1904","38.909301273","33.0543697663747"
"1905","38.926007637","33.0580303382666"
"1906","38.96143391","33.0634414257726"
"1907","38.978139516","33.0649319491943"
"1908","38.994845728","33.065648404952"
"1909","39.011556001","33.0616185259685"
"1910","39.028262213","33.0580894274012"
"1911","39.06368691","33.055753929354"
"1912","39.080396485","33.0544111287689"
"1913","39.097102698","33.0537109225233"
"1914","39.11381094","33.0584528255794"
"1915","39.130521213","33.0646749114585"
"1916","39.16594891","33.0717653020328"
"1917","39.182654758","33.0746665780591"
"1918","39.199365061","33.0674739543462"
"1919","39.216075334","33.0681002990688"
"1920","39.232783576","33.0715274683056"
"1921","39.26820891","33.0720179080412"
"1922","39.284918849","33.0749516830861"
"1923","39.301627879","33.0764082300118"
"1924","39.318336122","33.0726516389044"
"1925","39.335044364","33.0713369058782"
"1926","39.37047291","33.0836348299714"
"1927","39.387180849","33.0875273260658"
"1928","39.403891122","33.0889129660417"
"1929","39.420599364","33.0885229778182"
"1930","39.437307637","33.0832064338168"
"1931","39.47273491","33.078999288133"
"1932","39.48944097","33.0822314632581"
"1933","39.506151243","33.085140125425"
"1934","39.522859485","33.0843143549063"
"1935","39.539565698","33.086019076156"
"1936","39.57499291","33.0892335245436"
"1937","39.591699182","33.0889705779383"
"1938","39.608407425","33.0879084509206"
"1939","39.625117698","33.0878183400053"
"1940","39.64182594","33.0893590889337"
"1941","39.67725091","33.0913045983668"
"1942","39.693961122","33.0826199742534"
"1943","39.710671425","33.0826214514816"
"1944","39.727381698","33.0809462747943"
"1945","39.74408997","33.0848653609948"
"1946","39.77951691","33.0757095011113"
"1947","39.796224576","33.072387215071"
"1948","39.812934849","33.0789653118863"
"1949","39.829647152","33.0797305160521"
"1950","39.846359455","33.070505226447"
"1951","39.88178891","33.0665373917186"
"1952","39.898496001","33.0639788326159"
"1953","39.915203607","33.0597997542664"
"1954","39.931911879","33.0589089857105"
"1955","39.948618122","33.0600331563093"
"1956","39.98404191","33.0268538841965"
"1957","40.000749879","33.0095983794142"
"1958","40.017458122","33.0009359121559"
"1959","40.034168395","32.9996817452558"
"1960","40.050876637","32.9965987696132"
"1961","40.08630091","32.9904121371307"
"1962","40.103011182","32.99057758671"
"1963","40.119719425","32.9943548596942"
"1964","40.136427667","32.9950698382332"
"1965","40.153133879","32.9922734448976"
"1966","40.18856291","32.9962634387695"
"1967","40.205270546","33.0018591798975"
"1968","40.221976758","33.0048254544975"
"1969","40.23868297","33.0112248078677"
"1970","40.255393243","33.018350957604"
"1971","40.29081891","33.031706579446"
"1972","40.307531425","33.0349298917853"
"1973","40.324241758","33.0398756524232"
"1974","40.340952031","33.0456575243279"
"1975","40.357662334","33.0443826762303"
"1976","40.39308791","33.0446574407102"
"1977","40.409796213","33.0408388053312"
"1978","40.426504485","33.0429157884426"
"1979","40.443214758","33.0410530034472"
"1980","40.459925031","33.0384264913761"
"1981","40.49535291","33.0391207887177"
"1982","40.512062546","33.0422288772429"
"1983","40.528772819","33.0476384875941"
"1984","40.545479001","33.0527496978113"
"1985","40.562189273","33.052415844196"
"1986","40.59761691","33.0444210841684"
"1987","40.614326698","33.0410722074163"
"1988","40.63103697","33.0428271547394"
"1989","40.647745213","33.0454728707796"
"1990","40.664453455","33.0406674468384"
"1991","40.69987891","33.043020671658"
"1992","40.716590789","33.0392094224209"
"1993","40.733301061","33.0341307112282"
"1994","40.750009304","33.0299811766906"
"1995","40.766717546","33.0232006983968"
"1996","40.80214391","33.008715592853"
"1997","40.818852092","33.0039914144705"
"1998","40.835562395","33.0024270289461"
"1999","40.852272698","32.9985611206199"
"2000","40.86898094","32.9916698472758"
"2001","40.90440391","32.9914393995498"
"2002","40.921113243","32.9957248409156"
"2003","40.937823546","32.9955682546402"
"2004","40.954531819","32.9964841366281"
"2005","40.971242092","32.9997768800973"
"2006","41.00666791","32.9975876267006"
"2007","41.023378122","32.9936906965651"
"2008","41.040086395","32.9917835939098"
"2009","41.056794637","32.9838656464019"
"2010","41.073502879","32.9816320761347"
"2011","41.10893191","32.9857771807443"
"2012","41.125639849","32.9797294051664"
"2013","41.142348092","32.9728986982118"
"2014","41.159056334","32.9688717719233"
"2015","41.175766607","32.967088756505"
"2016","41.21118991","32.9647222356267"
"2017","41.227900213","32.963710333753"
"2018","41.244608455","32.9612994960044"
"2019","41.261318728","32.9580835684438"
"2020","41.278027001","32.9576625581752"
"2021","41.31345191","32.9660587640708"
"2022","41.330160092","32.9611972034436"
"2023","41.346868334","32.951550898097"
"2024","41.363580637","32.9514016979683"
"2025","41.38029091","32.9503410475489"
"2026","41.41571691","32.9533797075946"
"2027","41.432426879","32.951946795468"
"2028","41.449133092","32.9497767460723"
"2029","41.465841334","32.9467041097597"
"2030","41.482549607","32.9393297826096"
"2031","41.51797891","32.9351019532219"
"2032","41.534687001","32.937110984657"
"2033","41.551397273","32.9376457415537"
"2034","41.568105516","32.9414422200745"
"2035","41.584813758","32.9385202611196"
"2036","41.62023891","32.9574027996961"
"2037","41.636946849","32.9688557576426"
"2038","41.653657122","32.9801447431485"
"2039","41.670367395","32.9828155735326"
"2040","41.687077667","32.9946452249237"
"2041","41.72250091","33.0438679789202"
"2042","41.739208879","33.056688851101"
"2043","41.755915213","33.0626214035469"
"2044","41.772625516","33.0694018855506"
"2045","41.789335789","33.0626908333191"
"2046","41.82475991","33.0701523179815"
"2047","41.841469728","33.0865495620426"
"2048","41.858182031","33.0858212880497"
"2049","41.874894334","33.0816939096797"
"2050","41.891600879","33.0837088503012"
"2051","41.92702891","33.0822109398978"
"2052","41.943738637","33.0842244032902"
"2053","41.96044894","33.0789654673571"
"2054","41.977159304","33.0771233625513"
"2055","41.993871607","33.0760110089677"
"2056","42.02929491","33.0672584259891"
"2057","42.046000698","33.0668610513357"
"2058","42.06270697","33.0746268452122"
"2059","42.079415213","33.0790348971292"
"2060","42.096121425","33.0783893479711"
"2061","42.13154691","33.0737360760078"
"2062","42.148253243","33.0710844496034"
"2063","42.164959455","33.0717610205745"
"2064","42.181669728","33.0684357776573"
"2065","42.19837594","33.0631399109943"
"2066","42.23379891","33.0570670217748"
"2067","42.250504485","33.0488580591399"
"2068","42.267212728","33.046324611071"
"2069","42.283923001","33.0455096669088"
"2070","42.300632001","33.044657305651"
"2071","42.33605991","33.0394426865172"
"2072","42.352768304","33.0362060773042"
"2073","42.369478607","33.0367039035501"
"2074","42.386184819","33.0364837963968"
"2075","42.402895092","33.0340567087943"
"2076","42.43832091","33.0338882286333"
"2077","42.45503091","33.0347346809762"
"2078","42.471743243","33.0336164184569"
"2079","42.488455546","33.0330225723107"
"2080","42.505163819","33.0308022967937"
"2081","42.54059091","33.0353964796665"
"2082","42.557300667","33.0359238504979"
"2083","42.574006879","33.040882908988"
"2084","42.590715152","33.0395519254611"
"2085","42.607425485","33.0379195871735"
"2086","42.64285191","33.0376418680803"
"2087","42.65956197","33.0306796867685"
"2088","42.676270213","33.0317728363909"
"2089","42.692976425","33.0318141988091"
"2090","42.709684667","33.0335868738726"
"2091","42.74511391","33.0372504023371"
"2092","42.761824395","33.0350995565934"
"2093","42.778534698","33.0298361888841"
"2094","42.795247001","33.0284904330651"
"2095","42.811955364","33.0267694610243"
"2096","42.84738391","33.0248180412252"
"2097","42.864094031","33.0250529206711"
"2098","42.880802273","33.0261859554825"
"2099","42.897510849","33.0270205899916"
"2100","42.914221031","33.0285465677754"
"2101","42.94964891","33.0340019752832"
"2102","42.966361092","33.0364305401202"
"2103","42.983069334","33.0330033683308"
"2104","42.999777576","33.0317654502448"
"2105","43.016483789","33.0308200235443"
"2106","43.05190991","33.0272008119564"
"2107","43.068622485","33.0265227637446"
"2108","43.085330728","33.0279660166921"
"2109","43.10203694","33.0295643787077"
"2110","43.118745213","33.0269659325105"
"2111","43.15417091","33.0232004752298"
"2112","43.170879031","33.0247973600161"
"2113","43.187589334","33.0194808120549"
"2114","43.204299607","33.0176785924071"
"2115","43.221009879","33.0127608963352"
"2116","43.25643791","33.0088916758292"
"2117","43.273147758","33.0097809678237"
"2118","43.289860061","33.0075104665022"
"2119","43.306567031","33.0061573245306"
"2120","43.323275273","33.0070288897743"
"2121","43.35870391","33.006160278989"
"2122","43.375411576","33.0054970030662"
"2123","43.392121849","33.0052443968685"
"2124","43.408828061","33.0048056597881"
"2125","43.425538334","33.002928101441"
"2126","43.46096691","33.00384693802"
"2127","43.477675031","33.0022441443091"
"2128","43.494381243","33.0019354034007"
"2129","43.511089485","33.0076286448404"
"2130","43.527797728","33.00579540337"
"2131","43.56322491","33.0035086525271"
"2132","43.579932637","33.0097366509468"
"2133","43.59664291","33.0115048943312"
"2134","43.613351182","33.0133277951969"
"2135","43.630059455","33.0143485605926"
"2136","43.66548891","33.0150472900168"
"2137","43.682199001","33.0177432333555"
"2138","43.698911304","33.0174315379887"
"2139","43.715619576","33.0165747450372"
"2140","43.732329879","33.0151713772719"
"2141","43.76775491","33.014481511223"
"2142","43.784463031","33.0148641135927"
"2143","43.801171273","33.0148065016529"
"2144","43.817879516","33.0174019934042"
"2145","43.834585728","33.0234128391276"
"2146","43.87001391","33.0184257132583"
"2147","43.886723698","33.0197197660608"
"2148","43.903430273","33.0216770947862"
"2149","43.920139576","33.0214303975054"
"2150","43.936849879","33.0252903974747"
"2151","43.97227591","33.0253214192885"
"2152","43.988988516","33.0246891651794"
"2153","44.005696758","33.025780837578"
"2154","44.022405001","33.0266849018647"
"2155","44.039115304","33.0235841977179"
"2156","44.07453791","33.0184591203572"
"2157","44.091248213","33.0187028631559"
"2158","44.107958485","33.0193868202212"
"2159","44.124666728","33.0228760353146"
"2160","44.141376167","33.020525763844"
"2161","44.176801834","33.0231980712547"
"2162","44.1935095","33.0252248295562"
"2163","44.210219773","33.0222703713907"
"2164","44.226932106","33.021757772899"
"2165","44.243642379","33.0224890012949"
"2166","44.279068834","33.0134439276213"
"2167","44.295779288","33.0162000727258"
"2168","44.312490258","33.0209981127338"
"2169","44.329200531","33.0291081003088"
"2170","44.345906743","33.0328159452657"
"2171","44.381335834","33.0339415938144"
"2172","44.398046137","33.0398017615212"
"2173","44.414754379","33.0432998399506"
"2174","44.431464652","33.0335383102792"
"2175","44.448175046","33.0003272464063"
"2176","44.483598834","33.005029266525"
"2177","44.500307197","32.998941605542"
"2178","44.51701544","33.0035712414364"
"2179","44.533725713","33.007918726579"
"2180","44.550431925","33.0079940652614"
"2181","44.585856834","33.0139325261087"
"2182","44.602569167","33.0128216498507"
"2183","44.61928147","33.0003626999039"
"2184","44.635987682","33.0054753897031"
"2185","44.652697955","32.9972058613888"
"2186","44.688124834","33.0271611123992"
"2187","44.704836652","33.0236674656569"
"2188","44.721547137","33.0149724953716"
"2189","44.73825741","33.0066704680179"
"2190","44.754967682","33.0053660747521"
"2191","44.790390834","32.9826418600223"
"2192","44.807098622","32.9728153322719"
"2193","44.823806894","32.9713336715183"
"2194","44.840515137","32.9771332728333"
"2195","44.85722541","32.9649860182195"
"2196","44.892651834","32.9659225360601"
"2197","44.909363076","32.9679123634145"
"2198","44.926071561","32.9691399406464"
"2199","44.942779834","32.9667291030501"
"2200","44.959486076","32.9681236071499"
"2201","44.994912834","32.9624628659311"
"2202","45.011624713","32.9556114782033"
"2203","45.028334985","32.9497350615623"
"2204","45.045043228","32.9505785592752"
"2205","45.06175147","32.9488915638493"
"2206","45.097181834","32.936648290566"
"2207","45.11389147","32.9376675785204"
"2208","45.130599743","32.9350322021283"
"2209","45.147307985","32.9296107719944"
"2210","45.164014197","32.9211285235397"
"2211","45.199441834","32.9202569584773"
"2212","45.216150258","32.9139152147266"
"2213","45.2328585","32.9141973654502"
"2214","45.249566743","32.9100744195364"
"2215","45.266275016","32.9045067437395"
"2216","45.301702834","32.899940992235"
"2217","45.318412894","32.8982776324536"
"2218","45.335119137","32.8945520610781"
"2219","45.351827379","32.8921899720101"
"2220","45.368539682","32.890700925243"
"2221","45.403962834","32.8887613236506"
"2222","45.420674864","32.8921751997207"
"2223","45.437387167","32.887445112669"
"2224","45.45409541","32.8842380486499"
"2225","45.470807713","32.8817961892194"
"2226","45.506231834","32.8784221983306"
"2227","45.522941894","32.8787279847203"
"2228","45.539650137","32.8804696376353"
"2229","45.55636244","32.8772980271106"
"2230","45.573072713","32.8725841895772"
"2231","45.608497834","32.8704318670181"
"2232","45.625206258","32.8719046642669"
"2233","45.6419145","32.8713891113684"
"2234","45.658620713","32.8710271902792"
"2235","45.675326925","32.8692249709778"
"2236","45.710753834","32.8638729694067"
"2237","45.72746144","32.8640162606048"
"2238","45.744169713","32.8620087066029"
"2239","45.760877955","32.8613513397663"
"2240","45.777586197","32.8597249108067"
"2241","45.813011834","32.8558885474932"
"2242","45.82971747","32.8431297219488"
"2243","45.846425713","32.8301389714756"
"2244","45.863138046","32.8237529111736"
"2245","45.879850349","32.8231442928889"
"2246","45.915271834","32.7874898974578"
"2247","45.931978228","32.78260913335"
"2248","45.9486865","32.77899878605"
"2249","45.965396773","32.7815588236404"
"2250","45.982105046","32.7811717896827"
"2251","46.017531834","32.7784536886057"
"2252","46.034239985","32.7818069980865"
"2253","46.050946197","32.7678102547691"
"2254","46.06765241","32.7553261937901"
"2255","46.084358622","32.7544782644324"
"2256","46.119785834","32.7512327926573"
"2257","46.136493955","32.7646253493767"
"2258","46.153204228","32.7796399033692"
"2259","46.16991247","32.7932954068232"
"2260","46.186620713","32.7865031085885"
"2261","46.222048834","32.7784876648692"
"2262","46.238756955","32.7762762532865"
"2263","46.255465197","32.7707322134268"
"2264","46.27217547","32.7776618939442"
"2265","46.288883743","32.7769628029675"
"2266","46.324308834","32.7729595128384"
"2267","46.341019106","32.7719372704881"
"2268","46.35773144","32.7662130087722"
"2269","46.374441713","32.7696091578522"
"2270","46.391152016","32.7673814967767"
"2271","46.426582834","32.7608787354673"
"2272","46.443292682","32.7623352830936"
"2273","46.460002985","32.7754176216114"
"2274","46.476711228","32.7694185953331"
"2275","46.49341947","32.7628020874039"
"2276","46.528847834","32.7505700525554"
"2277","46.545556167","32.7468695942853"
"2278","46.56226644","32.7454869080814"
"2279","46.578972652","32.7424866562863"
"2280","46.595678894","32.743328676731"
"2281","46.631103834","32.741424528743"
"2282","46.64781144","32.7439358177885"
"2283","46.664517652","32.7396828759284"
"2284","46.681227925","32.7401541119317"
"2285","46.697934137","32.7427244901313"
"2286","46.733362834","32.7360208256085"
"2287","46.750069137","32.736824438103"
"2288","46.766777379","32.7417834953536"
"2289","46.783485622","32.7498063252397"
"2290","46.800193834","32.7453347535098"
"2291","46.835622834","32.732067761205"
"2292","46.852333258","32.7227050847516"
"2293","46.869043531","32.7246092327397"
"2294","46.885749743","32.7162289134718"
"2295","46.902460319","32.7121975559392"
"2296","46.937882834","32.7609003139057"
"2297","46.954593197","32.7955176947843"
"2298","46.97130144","32.8026128249524"
"2299","46.988007652","32.8101245336563"
"2300","47.004713864","32.8145946281574"
"2301","47.040140834","32.8323583050826"
"2302","47.056851076","32.8442470428701"
"2303","47.073559319","32.8814466197791"
"2304","47.090269591","32.8947342932877"
"2305","47.106979864","32.9068845005817"
"2306","47.142405834","32.9446557650557"
"2307","47.159115803","32.9488762078811"
"2308","47.175826106","32.9601031471436"
"2309","47.192536379","32.966130240853"
"2310","47.209244652","32.9744721521708"
"2311","47.244669834","32.9924928669159"
"2312","47.261378349","33.0091353271437"
"2313","47.278086713","33.0188614018943"
"2314","47.294799046","33.0256465568775"
"2315","47.311510076","33.0314668385905"
"2316","47.346936834","33.0393766341227"
"2317","47.363644591","33.0393529984585"
"2318","47.380350773","33.0400310465762"
"2319","47.397063106","33.0352477790267"
"2320","47.413771349","33.0345416635577"
"2321","47.449196834","33.0347602934518"
"2322","47.465908652","33.0352064166143"
"2323","47.482617046","33.033673052897"
"2324","47.499323258","33.0400591139275"
"2325","47.516035561","33.041915990799"
"2326","47.551460834","33.0406263698691"
"2327","47.568169137","33.0423458644422"
"2328","47.584875349","33.0441008125117"
"2329","47.601585622","33.0393840202678"
"2330","47.618293864","33.0376394128015"
"2331","47.653722834","33.0429013025518"
"2332","47.670431258","33.0436413942881"
"2333","47.687139622","33.0390250536172"
"2334","47.703847864","33.0327054678924"
"2335","47.720558137","33.0291350053639"
"2336","47.755982834","33.0224165678052"
"2337","47.772690561","33.0192390481946"
"2338","47.789402894","33.0188165606964"
"2339","47.806113167","33.017767728096"
"2340","47.822819379","33.0145813451113"
"2341","47.858246834","33.0101452263802"
"2342","47.874957319","33.0035036047302"
"2343","47.891665864","33.0052851429219"
"2344","47.90837241","33.005500818358"
"2345","47.92508141","33.0053383231664"
"2346","47.960505834","33.0051019665241"
"2347","47.977214319","33.0023011403122"
"2348","47.993920561","33.0000867740192"
"2349","48.010628834","32.9984130735456"
"2350","48.027335197","32.9979920632764"
"2351","48.062764834","32.9957555385482"
"2352","48.079475288","33.0023868195951"
"2353","48.096183531","33.0034090620733"
"2354","48.112889743","33.0007751627401"
"2355","48.129595925","32.9995475854289"
"2356","48.165019834","32.996771169543"
"2357","48.181729864","32.9984404385623"
"2358","48.198436076","33.0013668296483"
"2359","48.215146349","32.9975038752364"
"2360","48.231854591","32.9985497535246"
"2361","48.267279834","32.9954534810781"
"2362","48.283985834","32.996390044404"
"2363","48.300695349","32.9967753585686"
"2364","48.317405228","32.9943157719342"
"2365","48.33411144","32.9913952897865"
"2366","48.369537834","32.9968743329256"
"2367","48.386248106","32.9965788870837"
"2368","48.402954319","32.9964917305603"
"2369","48.419664591","32.9951769965636"
"2370","48.436372834","32.9923746927526"
"2371","48.471797834","32.98583647627"
"2372","48.488508228","32.9858069316858"
"2373","48.5052165","32.9862279420106"
"2374","48.521926773","32.9888692278377"
"2375","48.538637046","32.9894453472295"
"2376","48.574060834","32.9844596986465"
"2377","48.59076644","32.9848659366792"
"2378","48.607472652","32.9845468551698"
"2379","48.624181046","32.9854509194462"
"2380","48.640891319","32.9827682712012"
"2381","48.676316834","32.980168347792"
"2382","48.693027258","32.9812718380117"
"2383","48.709737531","32.9825954353837"
"2384","48.726443743","32.9841155042406"
"2385","48.743149955","32.983794945502"
"2386","48.778574834","32.9818346623406"
"2387","48.795280561","32.982435894629"
"2388","48.811990834","32.9781681794419"
"2389","48.828699076","32.9786925958114"
"2390","48.84540944","32.9796926799864"
"2391","48.880833834","32.9833045054044"
"2392","48.897540349","32.9863919144529"
"2393","48.914246379","32.9836752899361"
"2394","48.930952622","32.9829750832906"
"2395","48.947658864","32.9781090902735"
"2396","48.983080834","32.9767539105364"
"2397","48.999791379","32.9746798801406"
"2398","49.016497591","32.976795272966"
"2399","49.033207864","32.9722188155825"
"2400","49.049918137","32.9738452454015"
"2401","49.085344834","32.9760477947749"
"2402","49.102054713","32.9785103365625"
"2403","49.118762955","32.9837205254558"
"2404","49.135469197","32.985979209555"
"2405","49.15217541","32.9848254932166"
"2406","49.187599834","32.9869896346196"
"2407","49.204310319","32.9896545568662"
"2408","49.221020622","32.9911554221669"
"2409","49.237730894","32.9925573130826"
"2410","49.254439137","32.9933328586366"
"2411","49.289866834","32.9942503397137"
"2412","49.306577258","32.9820218328192"
"2413","49.32328547","32.9877638243991"
"2414","49.339995773","32.9965430001027"
"2415","49.356701985","32.9943286328842"
"2416","49.392124834","32.996401186058"
"2417","49.408833076","32.9932473007935"
"2418","49.425541319","32.9858552437145"
"2419","49.442251622","32.9781633090202"
"2420","49.458959894","32.9701744511698"
"2421","49.494385834","32.9676410023508"
"2422","49.511095834","32.9701921779254"
"2423","49.527804076","32.9700828629326"
"2424","49.54451641","32.9629832973208"
"2425","49.561224652","32.9546074053068"
"2426","49.596652834","32.9528613198816"
"2427","49.613360864","32.9584216122168"
"2428","49.630067076","32.9583196833722"
"2429","49.646777349","32.957786403475"
"2430","49.663485591","32.9560772487907"
"2431","49.698914834","32.9475344298283"
"2432","49.7156225","32.9400507845121"
"2433","49.732330743","32.9405633831945"
"2434","49.749036985","32.9395647759632"
"2435","49.765745228","32.9373267730705"
"2436","49.801172834","32.9186962504024"
"2437","49.817878743","32.9101046813437"
"2438","49.834586985","32.9155113427527"
"2439","49.851297258","32.913626397409"
"2440","49.868007531","32.916489268942"
"2441","49.903432834","32.904528138497"
"2442","49.920142288","32.9063436540357"
"2443","49.936850561","32.8978170830924"
"2444","49.953560864","32.8878945299"
"2445","49.970271137","32.8934341419994"
"2446","50.005697834","32.9009104024887"
"2447","50.022410137","32.8948892134441"
"2448","50.039116379","32.8850804069535"
"2449","50.055822561","32.8824095753067"
"2450","50.072528894","32.8896716374615"
"2451","50.107955834","32.8827567243315"
"2452","50.124668319","32.8787120688841"
"2453","50.141376561","32.8794167075431"
"2454","50.158084834","32.8797801060968"
"2455","50.174791046","32.8782142424101"
"2456","50.210215834","32.873043937784"
"2457","50.226923622","32.8744694646309"
"2458","50.243629864","32.8731842746238"
"2459","50.260340137","32.8688116741401"
"2460","50.277046349","32.8659650521359"
"2461","50.312473834","32.8473193354847"
"2462","50.329181834","32.8454270039985"
"2463","50.345890076","32.8409421340593"
"2464","50.362598319","32.840826910128"
"2465","50.379304531","32.8365990781893"
"2466","50.414732834","32.8299471120048"
"2467","50.431441167","32.8279129664493"
"2468","50.44815347","32.8265864140102"
"2469","50.464861713","32.8245035198684"
"2470","50.481574106","32.820364321723"
"2471","50.517004834","32.8147744838277"
"2472","50.533712743","32.8122558068691"
"2473","50.550423016","32.8060868948579"
"2474","50.567131258","32.8067073314108"
"2475","50.58383747","32.8069894823193"
"2476","50.619265834","32.8030505197654"
"2477","50.635974016","32.7996336863759"
"2478","50.652682258","32.7996573220586"
"2479","50.669390622","32.7933613670625"
"2480","50.686100894","32.7979112359945"
"2481","50.721527834","32.7927970651365"
"2482","50.738235803","32.7953068792"
"2483","50.754946197","32.786121461986"
"2484","50.77165444","32.7736107996533"
"2485","50.788362713","32.7631076931252"
"2486","50.823791834","32.745367635981"
"2487","50.840501682","32.7442021013748"
"2488","50.857211955","32.7431000876659"
"2489","50.873922228","32.7430439529194"
"2490","50.890630803","32.7356238257618"
"2491","50.926056834","32.7295642275933"
"2492","50.9427625","32.727816664299"
"2493","50.959470803","32.7299231945253"
"2494","50.976181076","32.7322513092775"
"2495","50.992887288","32.7323148301749"
"2496","51.028312834","32.7297769487382"
"2497","51.045020743","32.7240600679697"
"2498","51.061728985","32.7278447316722"
"2499","51.078437228","32.7268860092902"
"2500","51.0951475","32.7241368839387"
"2501","51.130575834","32.7170048166648"
"2502","51.147286076","32.7131654954459"
"2503","51.163996379","32.7174819620106"
"2504","51.180708713","32.7167182340113"
"2505","51.197421046","32.7142143288686"
"2506","51.232844834","32.7117251960275"
"2507","51.249554955","32.710908287742"
"2508","51.266265228","32.7099983139556"
"2509","51.2829735","32.7057305959866"
"2510","51.299683803","32.7058140427759"
"2511","51.335109834","32.7067181076615"
"2512","51.351819925","32.706282324751"
"2513","51.368528167","32.705001566163"
"2514","51.38524047","32.7096696136115"
"2515","51.401948713","32.7102782324561"
"2516","51.437372834","32.7370551401472"
"2517","51.454082955","32.745856478968"
"2518","51.470789167","32.7542427160418"
"2519","51.48749541","32.7634207486188"
"2520","51.504203652","32.771552902061"
"2521","51.539632834","32.7819614675749"
"2522","51.55634244","32.7970971704212"
"2523","51.573050682","32.8054449995042"
"2524","51.589760955","32.8112579011927"
"2525","51.606467167","32.8155123247918"
"2526","51.641893834","32.8487618270038"
"2527","51.658600046","32.865798725396"
"2528","51.675306258","32.8751436850101"
"2529","51.692016531","32.8832433393831"
"2530","51.708724925","32.8936858811966"
"2531","51.744149834","32.9107907321879"
"2532","51.7608575","32.9171812309692"
"2533","51.777563713","32.9243236400324"
"2534","51.794269985","32.9190277689897"
"2535","51.810976197","32.9220767725691"
"2536","51.846399834","32.9436251326529"
"2537","51.863106016","32.9496359832172"
"2538","51.879816288","32.9482769312341"
"2539","51.896524864","32.9507852684811"
"2540","51.913235258","32.9565715800221"
"2541","51.948658834","32.9571609949582"
"2542","51.965369137","32.9638646665878"
"2543","51.982077379","32.9683421519799"
"2544","51.998785622","32.9533763306315"
"2545","52.015495894","32.9399423972249"
"2546","52.050920834","32.947403888058"
"2547","52.067632834","32.957412124129"
"2548","52.084341076","32.9610786100225"
"2549","52.101047319","32.9665251585677"
"2550","52.117755561","32.9739748315575"
"2551","52.153183834","32.9710986639368"
"2552","52.169893591","32.9709760538123"
"2553","52.186601864","32.9743057311708"
"2554","52.203308076","32.9733425769393"
"2555","52.220016288","32.9711769571489"
"2556","52.255440834","32.9786258396368"
"2557","52.272149197","32.9872824098633"
"2558","52.28885744","32.9848915230143"
"2559","52.30556444","32.9850732223512"
"2560","52.322274713","32.9827214715838"
"2561","52.357698834","32.9813934414708"
"2562","52.374409258","32.9774846898811"
"2563","52.391117531","32.977367988681"
"2564","52.407825803","32.9670421483138"
"2565","52.424536076","32.9697292303779"
"2566","52.459965834","32.9991275922015"
"2567","52.476676379","33.0014143448322"
"2568","52.493386652","33.0018146742656"
"2569","52.510096925","33.0039862029265"
"2570","52.526807319","33.0038296165061"
"2571","52.562232834","33.0010642412317"
"2572","52.578943379","32.9964995993527"
"2573","52.595653652","32.994948507452"
"2574","52.612363955","32.9954537202425"
"2575","52.629070167","32.9964907359704"
"2576","52.664497834","32.9973268483664"
"2577","52.681203591","32.9993417906068"
"2578","52.697911864","33.0011720790496"
"2579","52.714618076","33.0005176659906"
"2580","52.731326319","32.9987804430618"
"2581","52.766753834","32.9994688324197"
"2582","52.783464258","33.0030023674924"
"2583","52.80017047","33.0033938335435"
"2584","52.816876682","33.0010450372368"
"2585","52.833586985","33.0022017086256"
"2586","52.869012834","33.000736296087"
"2587","52.885718925","32.999071457447"
"2588","52.9024275","33.0028531672238"
"2589","52.919136864","33.0018205831871"
"2590","52.935847167","33.0032047480547"
"2591","52.971273834","32.9996461000654"
"2592","52.987979713","33.001796947501"
"2593","53.004690016","33.0036287131742"
"2594","53.021400288","33.0055742255867"
"2595","53.038110561","33.0055505899006"
"2596","53.073538834","32.9986332284146"
"2597","53.090247106","32.9884196573085"
"2598","53.106955349","32.989975180938"
"2599","53.123663591","32.9899958621639"
"2600","53.140373864","32.9866056183558"
"2601","53.175800834","32.9878804682061"
"2602","53.19250644","32.9901140405973"
"2603","53.209212652","32.9956772903493"
"2604","53.225922925","32.996291818203"
"2605","53.242631167","32.9973849687119"
"2606","53.278054834","32.9908231111976"
"2607","53.294764682","32.9922371848074"
"2608","53.311473652","32.9908412020476"
"2609","53.328183925","32.9873623243763"
"2610","53.344894197","32.9846442203783"
"2611","53.380321834","32.981386927272"
"2612","53.397032197","32.9842173007829"
"2613","53.41374047","32.983859811018"
"2614","53.430448713","32.9834388003444"
"2615","53.447156955","32.9838007218006"
"2616","53.482582834","32.9849071673955"
"2617","53.49929044","32.9868142718854"
"2618","53.515996652","32.9884362709016"
"2619","53.532704894","32.9886874000753"
"2620","53.549411167","32.9911543748995"
"2621","53.584838834","32.9872234647155"
"2622","53.601547106","32.9901867889655"
"2623","53.618253319","32.9901084957525"
"2624","53.634959652","32.9905487104217"
"2625","53.651665864","32.9908840417302"
"2626","53.687088834","32.9854581743472"
"2627","53.703798531","32.9829069973883"
"2628","53.720508803","32.9830192669012"
"2629","53.737215016","32.9807266052682"
"2630","53.753921228","32.9796127735211"
"2631","53.789346834","32.982098952341"
"2632","53.806056591","32.9816351019849"
"2633","53.822764864","32.981676464437"
"2634","53.839475137","32.9814799927893"
"2635","53.856181349","32.9828080229492"
"2636","53.891610834","32.978306569048"
"2637","53.908321652","32.9795932367859"
"2638","53.925027925","32.9762916266893"
"2639","53.941736197","32.975303359506"
"2640","53.9584465","32.9761379947206"
"2641","53.993876834","32.9766417303103"
"2642","54.010584531","32.9756697126621"
"2643","54.027294803","32.9753107456583"
"2644","54.044005076","32.9721347001515"
"2645","54.060713319","32.9717845965305"
"2646","54.096139834","32.9649391105404"
"2647","54.112847955","32.963587444662"
"2648","54.129558228","32.9580389670231"
"2649","54.14626444","32.9569266124804"
"2650","54.162970622","32.9576017068044"
"2651","54.198399834","32.951076779826"
"2652","54.215110319","32.9540238546102"
"2653","54.231818561","32.9516204006383"
"2654","54.248524803","32.9514844954352"
"2655","54.265235076","32.9535540953213"
"2656","54.300660834","32.9512375556188"
"2657","54.317367925","32.9514960709488"
"2658","54.334078197","32.9529954598632"
"2659","54.350788531","32.9489478484097"
"2660","54.367500894","32.9506629129708"
"2661","54.402927834","32.9497233943999"
"2662","54.419634046","32.9420639544779"
"2663","54.436344319","32.9532362484277"
"2664","54.453052561","32.9614201051621"
"2665","54.469764864","32.9582086061476"
"2666","54.505189834","32.9645577426537"
"2667","54.52189744","32.9684635399833"
"2668","54.538607713","32.9791897103349"
"2669","54.555320046","32.9734477155468"
"2670","54.572030319","32.9647852361442"
"2671","54.607461834","32.941486357369"
"2672","54.624169652","32.9231302917046"
"2673","54.640879925","32.9188285966124"
"2674","54.657588197","32.9117925479435"
"2675","54.67429847","32.914500311372"
"2676","54.709729834","32.9031842273376"
"2677","54.726441864","32.9215299545745"
"2678","54.743150076","32.9233705839438"
"2679","54.759858319","32.9128157710677"
"2680","54.776566561","32.9064562931907"
"2681","54.811993834","32.8989563932646"
"2682","54.828703925","32.8933251900899"
"2683","54.845416258","32.886541747021"
"2684","54.862128561","32.88756546785"
"2685","54.878838834","32.8842402216941"
"2686","54.914266834","32.8927815692168"
"2687","54.930975076","32.8924491923242"
"2688","54.94768541","32.8723662418624"
"2689","54.964393622","32.8769589519018"
"2690","54.981103955","32.8698667676306"
"2691","55.016523834","32.8571241761864"
"2692","55.033232197","32.8605498740254"
"2693","55.04994047","32.8648811142427"
"2694","55.066650743","32.8526836209022"
"2695","55.083358985","32.841263150875"
"2696","55.118784834","32.8180085862431"
"2697","55.135495167","32.8069721961806"
"2698","55.15220544","32.8003556801733"
"2699","55.168911682","32.7927051027226"
"2700","55.185617894","32.7895940550086"
"2701","55.221044834","32.7788176575375"
"2702","55.237753106","32.7753373021651"
"2703","55.254465561","32.770743114895"
"2704","55.271175834","32.7687104455434"
"2705","55.287884076","32.7529752257108"
"2706","55.323311834","32.7452138559058"
"2707","55.34001947","32.7419033820319"
"2708","55.356729773","32.7456983875571"
"2709","55.373440046","32.7431014160844"
"2710","55.390150349","32.7376164587022"
"2711","55.425574834","32.731317547235"
"2712","55.442284743","32.7347521084829"
"2713","55.458995016","32.736703530164"
"2714","55.475705288","32.7367788689269"
"2715","55.4924115","32.7313736819995"
"2716","55.527840834","32.7331258553132"
"2717","55.544548773","32.7292496013842"
"2718","55.561254985","32.7261902561529"
"2719","55.577961197","32.7276024889106"
"2720","55.59467147","32.7314610160686"
"2721","55.630094834","32.7449762017379"
"2722","55.646805046","32.7523549701736"
"2723","55.663513288","32.759919869705"
"2724","55.680221561","32.7683519037853"
"2725","55.696929803","32.7735118713821"
"2726","55.732349834","32.773999357585"
"2727","55.74905947","32.7746862699619"
"2728","55.765767743","32.7695351657506"
"2729","55.782478016","32.7686754173563"
"2730","55.799186288","32.7676398784828"
"2731","55.834610834","32.7643884932321"
"2732","55.851323379","32.7594589736586"
"2733","55.868035682","32.7614591443216"
"2734","55.884743925","32.7623573007198"
"2735","55.9014545","32.7631683004938"
"2736","55.936882834","32.7632229580378"
"2737","55.953594561","32.7595121539716"
"2738","55.970300773","32.7582476443057"
"2739","55.987011046","32.7538218604752"
"2740","56.003717258","32.7548071734976"
"2741","56.039145834","32.7527006422084"
"2742","56.055852016","32.749246876322"
"2743","56.072564319","32.7478316891025"
"2744","56.089272561","32.7457931104356"
"2745","56.105982834","32.7454888008665"
"2746","56.141405834","32.7514523820827"
"2747","56.15811547","32.7510210306546"
"2748","56.174825743","32.7492025593945"
"2749","56.191536016","32.7503547995106"
"2750","56.208246319","32.7541424195845"
"2751","56.243675834","32.7526326895862"
"2752","56.26038641","32.7600941829533"
"2753","56.277096682","32.7591709136295"
"2754","56.293804925","32.7600530614145"
"2755","56.310513955","32.7456175607774"
"2756","56.345941834","32.7310963445856"
"2757","56.3626475","32.7623840936547"
"2758","56.379357773","32.7867332894953"
"2759","56.396063985","32.7861675100858"
"2760","56.412774258","32.7928416389949"
"2761","56.448199834","32.8029843059027"
"2762","56.464905743","32.8060052429587"
"2763","56.481611955","32.8141728522412"
"2764","56.498322379","32.8133840109757"
"2765","56.515032652","32.8216727531866"
"2766","56.550454834","32.8434471356831"
"2767","56.56716247","32.8635182710279"
"2768","56.583868682","32.8792153258724"
"2769","56.600578955","32.8810662961077"
"2770","56.617287228","32.8816128715164"
"2771","56.652713834","32.9027919299868"
"2772","56.669426167","32.914739772974"
"2773","56.68613647","32.9315757727918"
"2774","56.702842682","32.9431823754563"
"2775","56.719552955","32.9465312577575"
"2776","56.754980834","32.9509939721078"
"2777","56.771689137","32.9568674419047"
"2778","56.78840144","32.9573268606941"
"2779","56.805109713","32.9488564190906"
"2780","56.821819985","32.9481606433677"
"2781","56.857248834","32.9497693477462"
"2782","56.873957228","32.9508373856393"
"2783","56.890669834","32.9499244569838"
"2784","56.90738044","32.9507590924051"
"2785","56.924091622","32.9470719242429"
"2786","56.959514834","32.947578614419"
"2787","56.976222531","32.9480070113609"
"2788","56.992932803","32.9450820943092"
"2789","57.009643076","32.9445709724405"
"2790","57.026351319","32.9407833525815"
"2791","57.061774834","32.9347961360104"
"2792","57.078484561","32.931930308192"
"2793","57.095190773","32.9318579238811"
"2794","57.111901046","32.9306451173662"
"2795","57.128611349","32.9298533216391"
"2796","57.164039834","32.9265004041095"
"2797","57.180750228","32.9273867423908"
"2798","57.19745644","32.9249493121172"
"2799","57.214166713","32.9216861100116"
"2800","57.230872955","32.9235961690078"
"2801","57.266296834","32.9245681866563"
"2802","57.2830065","32.9239610449336"
"2803","57.299712713","32.9249685161133"
"2804","57.316421713","32.9284917107815"
"2805","57.333127925","32.9306868752582"
"2806","57.368556834","32.9328362455903"
"2807","57.385266622","32.9329411289536"
"2808","57.401976894","32.9310030025785"
"2809","57.418687197","32.9297074714574"
"2810","57.4353955","32.9304963125277"
"2811","57.470822834","32.9320296777544"
"2812","57.487530864","32.9334271377779"
"2813","57.504237167","32.931855364559"
"2814","57.520943379","32.9304579045355"
"2815","57.537651622","32.9305686968207"
"2816","57.573076834","32.9277043469416"
"2817","57.589783046","32.9273453799377"
"2818","57.606489258","32.9263275681447"
"2819","57.6231975","32.9244662577539"
"2820","57.639905743","32.9259287159181"
"2821","57.675331834","32.9261266648009"
"2822","57.692041652","32.9248311336797"
"2823","57.708749894","32.926832780965"
"2824","57.725460197","32.929107715887"
"2825","57.74217047","32.9293588450667"
"2826","57.777594834","32.9281283120862"
"2827","57.794301016","32.9276452577229"
"2828","57.811011288","32.9272936768713"
"2829","57.827721561","32.9267042619142"
"2830","57.844429803","32.9248060207618"
"2831","57.879852834","32.9219328074999"
"2832","57.896561682","32.9220229185585"
"2833","57.913267955","32.9211011267459"
"2834","57.929976228","32.9219874650272"
"2835","57.946686531","32.9238413892656"
"2836","57.982115834","32.9287153500095"
"2837","57.998826197","32.9287271678501"
"2838","58.0155365","32.9328412536188"
"2839","58.032244773","32.9344588205548"
"2840","58.048955167","32.9358045771564"
"2841","58.084380834","32.9355017449903"
"2842","58.101090894","32.9345548405099"
"2843","58.117797106","32.9348635815963"
"2844","58.134507379","32.9342298498927"
"2845","58.151215622","32.9331514719353"
"2846","58.186641834","32.9295366899332"
"2847","58.203351834","32.9297390704539"
"2848","58.220060106","32.9295056681015"
"2849","58.236770379","32.9268658579512"
"2850","58.253480652","32.9268983570129"
"2851","58.288909834","32.9296285203679"
"2852","58.305617046","32.9259886254277"
"2853","58.322325288","32.9283049222078"
"2854","58.339033531","32.9297422670848"
"2855","58.355741773","32.9319802706701"
"2856","58.391166834","32.9252839866751"
"2857","58.407874925","32.924721162011"
"2858","58.424581137","32.9244035575418"
"2859","58.44128941","32.9256857932594"
"2860","58.457999682","32.9227830361338"
"2861","58.493422834","32.9221832807175"
"2862","58.510131197","32.9223649800185"
"2863","58.5268415","32.9250816061528"
"2864","58.543547803","32.9232114328597"
"2865","58.560254016","32.9233355201872"
"2866","58.595678834","32.9265588362422"
"2867","58.612384591","32.9272560888444"
"2868","58.629094864","32.9304291790763"
"2869","58.645801228","32.9301485053593"
"2870","58.66250947","32.9285974137655"
"2871","58.697932834","32.935101657849"
"2872","58.714641167","32.9342729317688"
"2873","58.73134944","32.9378773731869"
"2874","58.748059713","32.9351208618401"
"2875","58.764767955","32.933068989246"
"2876","58.800187834","32.9358820033803"
"2877","58.816898167","32.9337104755131"
"2878","58.83360844","32.9344254547564"
"2879","58.850318713","32.9354048581415"
"2880","58.867026955","32.9287056208095"
"2881","58.902452834","32.9354270165891"
"2882","58.91916041","32.9312464561372"
"2883","58.935868682","32.933431279073"
"2884","58.952574925","32.9286864168216"
"2885","58.969285197","32.9299110403603"
"2886","59.004708834","32.9216311670978"
"2887","59.021414713","32.9251381107419"
"2888","59.038122985","32.9249431164028"
"2889","59.054833258","32.9279581425096"
"2890","59.071543561","32.9194936155169"
"2891","59.106970834","32.9125373401925"
"2892","59.123680955","32.9163027990589"
"2893","59.140391228","32.9085990454346"
"2894","59.157099591","32.8968727949515"
"2895","59.173807834","32.8895664161546"
"2896","59.209230834","32.882034021192"
"2897","59.225938955","32.878674800532"
"2898","59.242647258","32.8769538277665"
"2899","59.259357531","32.8766864491652"
"2900","59.276063743","32.878572871673"
"2901","59.311486834","32.8689308717905"
"2902","59.328195228","32.8671330830798"
"2903","59.3449055","32.8744276440112"
"2904","59.361611713","32.8717184044915"
"2905","59.378317925","32.8717243134109"
"2906","59.413739834","32.8726564454375"
"2907","59.430447743","32.8724865640064"
"2908","59.447153985","32.8636778424928"
"2909","59.463864258","32.8555708051514"
"2910","59.4805725","32.8536179073079"
"2911","59.515997834","32.8547243524552"
"2912","59.532703713","32.8568294049719"
"2913","59.549411955","32.846688222146"
"2914","59.566122228","32.8363874984977"
"2915","59.5828305","32.831296964482"
"2916","59.618260834","32.8201655111121"
"2917","59.634971167","32.8273418926405"
"2918","59.65168144","32.8267879315303"
"2919","59.668387682","32.8207844703259"
"2920","59.685096046","32.8201728972603"
"2921","59.720521834","32.8186232833814"
"2922","59.737231925","32.8248823053114"
"2923","59.753938137","32.8369955882535"
"2924","59.770644349","32.8435840323903"
"2925","59.787352591","32.8444615067888"
"2926","59.822776834","32.846353837941"
"2927","59.8394885","32.8451173967432"
"2928","59.856198894","32.8426533777252"
"2929","59.872905106","32.8383088453919"
"2930","59.889613682","32.8385038397027"
"2931","59.925038834","32.8261423821833"
"2932","59.941747379","32.8194416685948"
"2933","59.958457682","32.8118206409487"
"2934","59.975167955","32.8152670176687"
"2935","59.991878258","32.8134810470496"
"2936","60.027308834","32.8137351305454"
"2937","60.044018955","32.8126611846065"
"2938","60.060729379","32.8094378695602"
"2939","60.077437622","32.809498435975"
"2940","60.094145864","32.8052262878934"
"2941","60.129568834","32.7948768171261"
"2942","60.146278985","32.7935133341803"
"2943","60.162985197","32.7880209944268"
"2944","60.1796955","32.7898025333571"
"2945","60.196403743","32.7900787752973"
"2946","60.231825834","32.7851197154392"
"2947","60.248532319","32.782426725829"
"2948","60.265242591","32.7858923065342"
"2949","60.281948803","32.7821135531481"
"2950","60.298661106","32.7822804800959"
"2951","60.334087834","32.7797012371671"
"2952","60.350797713","32.7807382523653"
"2953","60.367505955","32.7773613054378"
"2954","60.384214197","32.7720093024988"
"2955","60.40092244","32.7697919808286"
"2956","60.436344834","32.7698562316846"
"2957","60.453054803","32.7699330476281"
"2958","60.469765076","32.7727353523369"
"2959","60.486473349","32.7731770440122"
"2960","60.503181591","32.7737029377794"
"2961","60.538607834","32.7669564298166"
"2962","60.555318349","32.7597682301786"
"2963","60.572028591","32.7615763593107"
"2964","60.588738864","32.7612498915508"
"2965","60.605449137","32.7580900972586"
"2966","60.640874834","32.7574814786292"
"2967","60.657585106","32.756960016551"
"2968","60.674293349","32.7556275553768"
"2969","60.691005652","32.7524456026394"
"2970","60.707715925","32.7521841329855"
"2971","60.743140834","32.754176915828"
"2972","60.759848561","32.7536524992905"
"2973","60.776558834","32.7527572981026"
"2974","60.793267076","32.753216716534"
"2975","60.809977349","32.7538341985416"
"2976","60.845402834","32.7567428637876"
"2977","60.862113288","32.7583057727923"
"2978","60.878825591","32.7624671288097"
"2979","60.895532137","32.7660183889678"
"2980","60.912240682","32.7627315529229"
"2981","60.947668834","32.7663182665935"
"2982","60.964376622","32.7659888443742"
"2983","60.981084864","32.7680673065383"
"2984","60.997795137","32.7680953739023"
"2985","61.01450744","32.7774329427292"
"2986","61.049933834","32.7605762748153"
"2987","61.066646137","32.7648425141401"
"2988","61.083354379","32.7805691013465"
"2989","61.100066713","32.78642631704"
"2990","61.116774955","32.794122683689"
"2991","61.152198834","32.8158010292887"
"2992","61.168905258","32.8237972735633"
"2993","61.1856135","32.830240949441"
"2994","61.202321773","32.8410719974776"
"2995","61.219032046","32.8486147322396"
"2996","61.254461834","32.8568994966155"
"2997","61.271171682","32.8598598644576"
"2998","61.287882016","32.8636814570762"
"2999","61.3045915","32.8661398084491"
"3000","61.321299258","32.8782900208641"
"3001","61.356724834","32.8841797347727"
"3002","61.373436894","32.8885744924547"
"3003","61.390145137","32.8903973936243"
"3004","61.406853379","32.8929190243347"
"3005","61.423565682","32.9024707901067"
"3006","61.458991834","32.9155102946644"
"3007","61.475701622","32.912638560569"
"3008","61.492409864","32.9080680125797"
"3009","61.509116076","32.9030262283885"
"3010","61.525826349","32.8960891587836"
"3011","61.561253834","32.8876748597057"
"3012","61.577959955","32.8942056912056"
"3013","61.594668197","32.8986757875907"
"3014","61.61137644","32.8998206404322"
"3015","61.628084713","32.8955765601565"
"3016","61.663508834","32.8921907502045"
"3017","61.680216561","32.8899571792414"
"3018","61.696924834","32.8875803170194"
"3019","61.713635137","32.8833406684321"
"3020","61.73034541","32.8815546979993"
"3021","61.765774834","32.8912497550302"
"3022","61.78248541","32.8915496326132"
"3023","61.799193652","32.8887340332378"
"3024","61.815905955","32.8902186488581"
"3025","61.832616258","32.8878831490614"
"3026","61.868043834","32.886104564776"
"3027","61.884755955","32.8861311549065"
"3028","61.9014625","32.8896824145594"
"3029","61.918172228","32.8947744245527"
"3030","61.934882531","32.8957804178237"
"3031","61.970311834","32.8894504895322"
"3032","61.987021864","32.8865048939631"
"3033","62.003734197","32.8857278712604"
"3034","62.020446622","32.8864339869484"
"3035","62.037156894","32.8871814650617"
"3036","62.072583834","32.884044614354"
"3037","62.089293622","32.8878602978914"
"3038","62.106003894","32.8914721237719"
"3039","62.122712167","32.8908708914065"
"3040","62.13942244","32.8876505313168"
"3041","62.174845834","32.8847049358953"
"3042","62.191553652","32.8931059394871"
"3043","62.208261894","32.8867243084836"
"3044","62.224972167","32.8818597920729"
"3045","62.24168244","32.8824063669505"
"3046","62.277103834","32.882559998808"
"3047","62.293814288","32.8826248759889"
"3048","62.310525319","32.8825288560783"
"3049","62.327233561","32.8827504404873"
"3050","62.343939743","32.8809334483333"

"Min","0","32.6522792000109"
"Max","62.343939743","33.4948751206999"
"Mean","31.1719153534665","33.0495128399114"
"StdDev","18.0103148690676","0.180847203131451"
"CV","57.7773764134926%","0.547200813541359%"
