	Instrument,	My DMM6500
	.Model,	DMM6500
	.SerialNumber,	04635780
	Acquisition,	
	.Measure Delay,	0 s
	.Measure Count Infinite,	Enabled
	.Start at HH:MM Enabled,	Disabled
	Function ,	2-Wire Resistance
	.Range,	Auto
	.NPLC,	1
	.Auto Zero,	On
	.Auto Delay,	Enabled
	.Line Sync,	Disabled
	Rel Enabled,	Disabled
	Filter,	
	.Digital,	Disabled
	Math,	Disabled
	Trigger Mode,	Immediate
	Limit 1,	Disabled
	Limit 2,	Disabled

"Index","DMM-1 Time (s)","DMM-1 Resistance (Ω)"
"1","0","13.6391539263409"
"2","0.016710061","13.6372778514892"
"3","0.03341994","13.634596689398"
"4","0.050128303","13.6331386690211"
"5","0.066836697","13.6356425641972"
"6","0.102261","13.6462564207401"
"7","0.118969152","13.6518285107721"
"8","0.135675485","13.6592870162258"
"9","0.15238591","13.6631927972556"
"10","0.169092243","13.6634099492266"
"11","0.204523","13.6679908217582"
"12","0.221233273","13.6707665262041"
"13","0.237939606","13.6712865091552"
"14","0.254647849","13.6708581141103"
"15","0.271356364","13.6705478970088"
"16","0.306786","13.6730503149606"
"17","0.323492606","13.671729676443"
"18","0.340203","13.6723057939171"
"19","0.356909334","13.6748983225507"
"20","0.373621788","13.6781171942845"
"21","0.409046","13.6819727496884"
"22","0.425756697","13.6849774238996"
"23","0.442467182","13.6825400038167"
"24","0.459173849","13.6806373389278"
"25","0.475880516","13.6821736521922"
"26","0.511306","13.6838813234745"
"27","0.528016425","13.6845549377519"
"28","0.544724697","13.6854442267761"
"29","0.56143497","13.6829418088243"
"30","0.578143334","13.6806609745165"
"31","0.61357","13.670652341961"
"32","0.630281213","13.6629220274832"
"33","0.646989455","13.6549213809683"
"34","0.663695667","13.6476504832309"
"35","0.680401879","13.6411359243073"
"36","0.715831","13.6274701228101"
"37","0.732541303","13.6238184244746"
"38","0.749251576","13.6207871603224"
"39","0.765961849","13.618085317177"
"40","0.782672122","13.6169094466774"
"41","0.818101","13.6166514648064"
"42","0.834813303","13.6157222908948"
"43","0.851521546","13.6143721081362"
"44","0.868231819","13.6121946799236"
"45","0.884938031","13.6094751104939"
"46","0.920367","13.6047036768938"
"47","0.937074637","13.603579509411"
"48","0.953782879","13.6034701948331"
"49","0.970489091","13.6024789775125"
"50","0.987197455","13.6012942438446"
"51","1.022624","13.6036179172356"
"52","1.039332394","13.6050301434033"
"53","1.056040667","13.6065088446521"
"54","1.072746879","13.6067422460481"
"55","1.089457182","13.6075827865182"
"56","1.124888","13.6053876316173"
"57","1.141595879","13.6045057288745"
"58","1.158306152","13.6044333448973"
"59","1.175016425","13.6048691259846"
"60","1.191726788","13.6053329743284"
"61","1.227158","13.6049577594261"
"62","1.243870334","13.6014257167828"
"63","1.260580606","13.5967000771275"
"64","1.277288849","13.5894941783345"
"65","1.293995061","13.58493398777"
"66","1.329418","13.5765758542376"
"67","1.346124425","13.5723376985105"
"68","1.362834728","13.5685412327668"
"69","1.379545031","13.5647757887275"
"70","1.396255303","13.5608478500456"
"71","1.43168","13.5557085876633"
"72","1.448390879","13.5541250035087"
"73","1.465099425","13.5529062936883"
"74","1.48180797","13.5508721562061"
"75","1.498519819","13.5484376910133"
"76","1.533949","13.5420782415865"
"77","1.550658758","13.5413957640871"
"78","1.567369031","13.5399835379193"
"79","1.584077303","13.5369123891718"
"80","1.600783516","13.5350244968681"
"81","1.636208","13.5324678503742"
"82","1.652916455","13.5308872208234"
"83","1.669622667","13.5306405244356"
"84","1.68633091","13.5300200904063"
"85","1.703041182","13.5315106093005"
"86","1.738468","13.5322329717774"
"87","1.755177788","13.5318946875091"
"88","1.771888061","13.5313244790917"
"89","1.788596425","13.5326126183144"
"90","1.805306697","13.5336540611492"
"91","1.840733","13.5337884885222"
"92","1.857442606","13.5350529921628"
"93","1.874148819","13.5360427321619"
"94","1.890859091","13.53599250655"
"95","1.907569364","13.5355685432967"
"96","1.942997","13.5261852172159"
"97","1.959707182","13.5215423025635"
"98","1.976415425","13.518612967611"
"99","1.993125697","13.5156496565093"
"100","2.00983597","13.5126243020046"
"101","2.045265","13.5033340410282"
"102","2.061973031","13.5000930118372"
"103","2.078683303","13.4983011392717"
"104","2.095395728","13.4962847286766"
"105","2.112106","13.4919446449194"
"106","2.147529","13.4897214229812"
"107","2.164237122","13.4885425983256"
"108","2.180943455","13.4871525306552"
"109","2.197651728","13.4851715734332"
"110","2.21435997","13.483302885226"
"111","2.249785","13.478250779559"
"112","2.266495273","13.4758251779493"
"113","2.283203546","13.4758310868449"
"114","2.299911788","13.4739520580705"
"115","2.316622091","13.4732429906085"
"116","2.352051","13.4695322042238"
"117","2.36876097","13.4694376618956"
"118","2.385471243","13.4699399180145"
"119","2.402183576","13.4708484107002"
"120","2.418891819","13.4717111094457"
"121","2.454317","13.4748817182957"
"122","2.471027849","13.4748403560193"
"123","2.487738425","13.4741549240104"
"124","2.504445425","13.4729436002017"
"125","2.521155697","13.4723024849175"
"126","2.556582","13.4695208718299"
"127","2.573292031","13.4695060995883"
"128","2.590002303","13.4692800842923"
"129","2.606708516","13.4697749543849"
"130","2.623416788","13.4715769512279"
"131","2.658842","13.4696846271129"
"132","2.675550122","13.4655291956255"
"133","2.692258364","13.4575728664428"
"134","2.708966637","13.4532106235767"
"135","2.72567694","13.4523109940794"
"136","2.761104","13.4436692328987"
"137","2.777812334","13.4393128989292"
"138","2.794518576","13.4358960795085"
"139","2.811224849","13.4335088853088"
"140","2.827935152","13.433421729085"
"141","2.863362","13.4300152502332"
"142","2.880069788","13.4290107378225"
"143","2.896780213","13.4287433602543"
"144","2.913492516","13.4292559570286"
"145","2.930200758","13.4278969108259"
"146","2.965628","13.4268347866739"
"147","2.98234","13.4251064344378"
"148","2.999048243","13.4248242846283"
"149","3.015758516","13.4235450085287"
"150","3.032466758","13.4225065199629"
"151","3.067892","13.4212878100528"
"152","3.084600182","13.4216260943794"
"153","3.101308425","13.4230841145991"
"154","3.118020728","13.4268879667427"
"155","3.13472694","13.4291628919082"
"156","3.170152","13.4313063441259"
"157","3.186862243","13.4336122909982"
"158","3.203572516","13.4359477823532"
"159","3.220278728","13.4386200808106"
"160","3.23698494","13.43905586193"
"161","3.272412","13.4412802203508"
"162","3.289118303","13.4419154268299"
"163","3.305828606","13.441396921076"
"164","3.322536849","13.44056672098"
"165","3.339245091","13.4386492837477"
"166","3.374668","13.4451150948154"
"167","3.391376334","13.4474195648326"
"168","3.408084576","13.4512692115409"
"169","3.424792819","13.4552148778333"
"170","3.441499031","13.4558116764788"
"171","3.476926","13.4397453842303"
"172","3.493632576","13.4302158098192"
"173","3.510342879","13.4267074019404"
"174","3.527053152","13.4207866866653"
"175","3.543765485","13.4153076614769"
"176","3.579193","13.4061503476071"
"177","3.595900879","13.4051162905481"
"178","3.612609152","13.4053821909347"
"179","3.629316849","13.4041837841102"
"180","3.646028576","13.4044482072651"
"181","3.681458","13.4039045887121"
"182","3.698166243","13.4021998718368"
"183","3.714876516","13.4020226049173"
"184","3.731584758","13.4005306083453"
"185","3.748293","13.3976913831855"
"186","3.783721","13.3959438268046"
"187","3.80042891","13.3950530605344"
"188","3.817135122","13.3942893355564"
"189","3.833845425","13.3944784202705"
"190","3.850553697","13.3954770239167"
"191","3.885977","13.3989810000245"
"192","3.902685122","13.4009220727924"
"193","3.919393364","13.4032265427452"
"194","3.936101606","13.408011272346"
"195","3.952807819","13.4098947333651"
"196","3.988232","13.4154919363466"
"197","4.004944394","13.4165732645553"
"198","4.021654667","13.4192632900579"
"199","4.03836494","13.4201407613091"
"200","4.055073182","13.4206297225619"
"201","4.090495","13.4235802654187"
"202","4.107203485","13.4248669277817"
"203","4.123913758","13.4264682389201"
"204","4.140624061","13.427847966414"
"205","4.157334334","13.4277164934515"
"206","4.19276","13.4344555906964"
"207","4.209466303","13.4386420443553"
"208","4.226172516","13.4426069143697"
"209","4.242882788","13.4446366205544"
"210","4.259589","13.4424370335755"
"211","4.295013","13.4227293842233"
"212","4.311719546","13.4151024751756"
"213","4.32842997","13.4106781884048"
"214","4.345138243","13.4033821775998"
"215","4.361848516","13.395770040795"
"216","4.397278","13.3905716884923"
"217","4.41398391","13.3893500239984"
"218","4.430694182","13.3868269248983"
"219","4.447400728","13.383244655977"
"220","4.464111334","13.3834145367713"
"221","4.499537","13.3844013226019"
"222","4.516247061","13.384302348574"
"223","4.532955303","13.3845416589102"
"224","4.549661516","13.3836538471074"
"225","4.566371788","13.3836124848271"
"226","4.601799","13.3815960736611"
"227","4.618507243","13.3808010572448"
"228","4.635214213","13.3811482049478"
"229","4.651920425","13.3813106996172"
"230","4.668628667","13.381662278993"
"231","4.704054","13.3856640795347"
"232","4.72075994","13.3901474551878"
"233","4.737466152","13.3946086724769"
"234","4.754176485","13.3976059605164"
"235","4.770886879","13.4015708304515"
"236","4.806311","13.4112688077703"
"237","4.823020697","13.4140371260483"
"238","4.83972691","13.4147196036601"
"239","4.856437182","13.4148111915647"
"240","4.873143394","13.4153001527974"
"241","4.908566","13.421595934113"
"242","4.925272364","13.4275432376842"
"243","4.941982637","13.4310575534308"
"244","4.958688879","13.4353872967907"
"245","4.975397091","13.4408057541924"
"246","5.010824","13.4508671264287"
"247","5.027531697","13.4546798414106"
"248","5.04423994","13.4554745878888"
"249","5.060950213","13.4567848855211"
"250","5.077656425","13.4557434426454"
"251","5.113083","13.447049979775"
"252","5.129791061","13.4406166695284"
"253","5.146499303","13.4323914866461"
"254","5.163209576","13.4255593259365"
"255","5.179917819","13.4188143214392"
"256","5.215347","13.4115552430118"
"257","5.232055243","13.4117797810503"
"258","5.248761455","13.4125346424822"
"259","5.265467667","13.4120722713898"
"260","5.28217794","13.4118167116487"
"261","5.317605","13.4142157233227"
"262","5.334313334","13.4145288947974"
"263","5.351021576","13.4144550336005"
"264","5.367727788","13.4116187636411"
"265","5.384438061","13.4105285723755"
"266","5.419865","13.4093733832566"
"267","5.436575697","13.4081266062536"
"268","5.453284273","13.4078503653773"
"269","5.469994849","13.4079227493502"
"270","5.486705425","13.4086879513497"
"271","5.522134","13.4152689839899"
"272","5.538842122","13.4220376240702"
"273","5.555550394","13.4258784063069"
"274","5.572258637","13.4284280948226"
"275","5.588964849","13.4306247268172"
"276","5.624393","13.4330662524852"
"277","5.641101939","13.4340515608277"
"278","5.657808667","13.4351683420974"
"279","5.674514909","13.4345804069845"
"280","5.691223151","13.4335847580747"
"281","5.726651","13.4383432252877"
"282","5.74335903","13.43939353145"
"283","5.760065242","13.4407747357563"
"284","5.776775515","13.4443643897289"
"285","5.793483818","13.4478550697031"
"286","5.828909","13.4532868218255"
"287","5.845620727","13.4562412695395"
"288","5.862331","13.45817938724"
"289","5.879041273","13.458324155178"
"290","5.895747454","13.4547093883998"
"291","5.931176","13.4408175752482"
"292","5.947886121","13.4311905073719"
"293","5.964594606","13.4220538778161"
"294","5.981302848","13.4141492529571"
"295","5.998011091","13.4076258324044"
"296","6.033437","13.3990579340336"
"297","6.050144727","13.3964757467315"
"298","6.066855061","13.3971567469296"
"299","6.083563303","13.3970932263038"
"300","6.100271545","13.3989471422443"
"301","6.135697","13.3990150945418"
"302","6.152404818","13.3977225236668"
"303","6.16911103","13.3965126773279"
"304","6.185821303","13.3934710734063"
"305","6.202531576","13.3919258972518"
"306","6.237959","13.389723356481"
"307","6.254669515","13.3893274604873"
"308","6.271379818","13.3894382522766"
"309","6.28808603","13.3905373068262"
"310","6.304792242","13.3893141654726"
"311","6.34022","13.3925876935398"
"312","6.356927879","13.3962068919895"
"313","6.373634121","13.397721046443"
"314","6.390340333","13.4001673291502"
"315","6.407048576","13.402928260539"
"316","6.442477","13.4089331755179"
"317","6.459186424","13.4128832721116"
"318","6.475899","13.4155201166964"
"319","6.492609576","13.417012112792"
"320","6.509319788","13.4175158461273"
"321","6.544747","13.4200904653505"
"322","6.561459333","13.4220551732363"
"323","6.578167576","13.4239711327309"
"324","6.59487597","13.4259269772728"
"325","6.611584242","13.4307279551892"
"326","6.647009","13.440180657047"
"327","6.663717091","13.442697846689"
"328","6.680427364","13.4421291154612"
"329","6.697135606","13.4381686780021"
"330","6.713845879","13.4306377902115"
"331","6.749277","13.4103200517509"
"332","6.765984606","13.4022573633317"
"333","6.782694879","13.3939671824214"
"334","6.799401091","13.3878632929842"
"335","6.816111364","13.3846281724935"
"336","6.85154","13.3803146785059"
"337","6.868251788","13.3797134483508"
"338","6.88496003","13.3800975265826"
"339","6.901668273","13.3806706894823"
"340","6.918378545","13.3807401190088"
"341","6.953804","13.3801093443743"
"342","6.970511848","13.3789748363667"
"343","6.987220091","13.377138646974"
"344","7.003928333","13.3752167785912"
"345","7.020636576","13.3749036071099"
"346","7.056063","13.3743304442102"
"347","7.07276897","13.374900652662"
"348","7.089477212","13.3764931000998"
"349","7.106187485","13.3787916605946"
"350","7.122897757","13.3821892757218"
"351","7.158325","13.3890170049034"
"352","7.175035454","13.3957309878396"
"353","7.191745727","13.4015601136186"
"354","7.20845803","13.4075325301226"
"355","7.225168303","13.412043972122"
"356","7.260592","13.4229695205918"
"357","7.277301818","13.424873662287"
"358","7.294012121","13.4274071013927"
"359","7.310720485","13.4281206005694"
"360","7.327428727","13.4298917921075"
"361","7.362855","13.4355032150454"
"362","7.379565","13.4362152371167"
"363","7.396275273","13.4392302517382"
"364","7.412985545","13.4426588891398"
"365","7.429695848","13.4463622902452"
"366","7.465121","13.4541324896127"
"367","7.481826394","13.4541930558055"
"368","7.49853397","13.4521160785601"
"369","7.515244273","13.4442203151343"
"370","7.531954545","13.4362270549104"
"371","7.567383","13.4203409857091"
"372","7.584093545","13.41174649523"
"373","7.600805848","13.4041166321628"
"374","7.617516121","13.3960672374187"
"375","7.634225061","13.3927477521833"
"376","7.669654","13.3905393020094"
"377","7.686364545","13.3905718009417"
"378","7.703070788","13.3920711835012"
"379","7.71977703","13.3939206681954"
"380","7.736487333","13.3940447550279"
"381","7.771912","13.3930638781613"
"382","7.78862197","13.390845087418"
"383","7.805332273","13.387982226925"
"384","7.822038485","13.3851828870725"
"385","7.838748788","13.3823909333409"
"386","7.874174","13.3804912230241"
"387","7.89088197","13.379152857902"
"388","7.907592242","13.3791233134181"
"389","7.924302545","13.3805074724903"
"390","7.941010818","13.3832373828056"
"391","7.976436","13.3857412778188"
"392","7.993144151","13.3877724610891"
"393","8.009852394","13.391393137595"
"394","8.026558606","13.3941186162377"
"395","8.043266879","13.3953520984419"
"396","8.078696","13.3951408553817"
"397","8.095401757","13.3947272326067"
"398","8.11210797","13.3956357254876"
"399","8.128816212","13.3981913233477"
"400","8.145522424","13.3980923493265"
"401","8.180947","13.4013187467706"
"402","8.197655394","13.4029496037003"
"403","8.214365667","13.4060148465708"
"404","8.231075939","13.4106828790869"
"405","8.247782151","13.4124791852704"
"406","8.28321","13.4025138221838"
"407","8.299919788","13.3957880145743"
"408","8.316630061","13.3918231413866"
"409","8.333338303","13.3895245785401"
"410","8.350044545","13.3841844084306"
"411","8.385469","13.3756046828441"
"412","8.402177151","13.3735025909864"
"413","8.418887424","13.3710297155332"
"414","8.435595667","13.3711685747283"
"415","8.452304242","13.3691196629878"
"416","8.487731","13.3702172415193"
"417","8.504437636","13.3711065312582"
"418","8.521145879","13.3701817881078"
"419","8.537852091","13.3689719404399"
"420","8.554562364","13.3671904065113"
"421","8.589986","13.3646776459701"
"422","8.606694485","13.3633156440778"
"423","8.623404757","13.3634766075453"
"424","8.640111697","13.3622268747944"
"425","8.656824","13.361427695813"
"426","8.692251","13.3636479657002"
"427","8.708961212","13.3668062737633"
"428","8.725667424","13.3705362680848"
"429","8.742373636","13.3772665073436"
"430","8.759084091","13.3819891971835"
"431","8.794509","13.3883589934267"
"432","8.811216667","13.3895703183153"
"433","8.827924939","13.3918112693591"
"434","8.844633182","13.3933461066265"
"435","8.861341424","13.3939015434046"
"436","8.89677","13.3948853755702"
"437","8.913478364","13.397294730318"
"438","8.930188636","13.3991575116406"
"439","8.946898939","13.400543149135"
"440","8.963607212","13.4022168455969"
"441","8.999031","13.4075457441217"
"442","9.015741424","13.4100053248501"
"443","9.032449727","13.4096478362397"
"444","9.04915797","13.4030549781071"
"445","9.065868212","13.3948593301304"
"446","9.101294","13.3831449306252"
"447","9.118002515","13.3783971273453"
"448","9.134712788","13.3732859265524"
"449","9.15142103","13.3686947091927"
"450","9.168127242","13.365846618115"
"451","9.203553","13.3600204401013"
"452","9.220259121","13.3579803914612"
"453","9.236969394","13.3581960664079"
"454","9.253677697","13.3572654142404"
"455","9.27038797","13.3563539660065"
"456","9.305815","13.3538515457339"
"457","9.322525515","13.3520227403635"
"458","9.339237818","13.3490195405912"
"459","9.355950121","13.3471981213491"
"460","9.372658394","13.3456426027263"
"461","9.408084","13.3451920488992"
"462","9.424795788","13.3458331648368"
"463","9.441506061","13.3479943459813"
"464","9.458214636","13.3483016089192"
"465","9.474921182","13.347382774557"
"466","9.510349","13.3509591378864"
"467","9.527055424","13.3539490426277"
"468","9.543761636","13.3569876958158"
"469","9.560467848","13.3600588479686"
"470","9.577176091","13.3614563034455"
"471","9.612603","13.3673474793883"
"472","9.629312727","13.3666113336506"
"473","9.646021697","13.3674385799918"
"474","9.66273197","13.366859507553"
"475","9.679440212","13.3667605334371"
"476","9.714866","13.3679851534672"
"477","9.731572454","13.3695007869423"
"478","9.748280727","13.3705584804786"
"479","9.764986939","13.3722454721244"
"480","9.781695182","13.3738098540446"
"481","9.81712","13.3667850079749"
"482","9.833832576","13.3600946534707"
"483","9.850540818","13.3546939168694"
"484","9.86724703","13.3479090199302"
"485","9.883953242","13.3430459934281"
"486","9.919379","13.3381238779042"
"487","9.936087606","13.3348488688656"
"488","9.952797879","13.3345135386663"
"489","9.969508182","13.3310656942387"
"490","9.986218454","13.3306299127022"
"491","10.021645","13.3323169042773"
"492","10.038356727","13.3328014342569"
"493","10.05506497","13.3318338515233"
"494","10.071775242","13.3311572822226"
"495","10.088485515","13.3293831343402"
"496","10.123911","13.3254463282564"
"497","10.140621182","13.3232127632287"
"498","10.157331454","13.3214711143083"
"499","10.174039727","13.3218167850864"
"500","10.190745939","13.3225125583192"
"501","10.226171","13.323221626582"
"502","10.242880848","13.3253872392345"
"503","10.259591121","13.3273194502505"
"504","10.276301454","13.329253138492"
"505","10.293011727","13.3318353287489"
"506","10.328439","13.3345416059517"
"507","10.345148939","13.3350423854123"
"508","10.361855151","13.3353983967692"
"509","10.378561364","13.3373202672064"
"510","10.395267606","13.337837296148"
"511","10.430693","13.3401550630319"
"512","10.447402212","13.3424270359238"
"513","10.464110757","13.346796669093"
"514","10.480817333","13.3500583831016"
"515","10.497527333","13.3544856280672"
"516","10.53295","13.3574622375452"
"517","10.549657879","13.3552641259307"
"518","10.566368151","13.348761379071"
"519","10.583076394","13.3415953579406"
"520","10.599784636","13.3372700415378"
"521","10.635212","13.3243786239973"
"522","10.651917454","13.3201286459463"
"523","10.668627727","13.3168034111209"
"524","10.685333939","13.3135535148011"
"525","10.702042182","13.3107320139053"
"526","10.737469","13.3103080501581"
"527","10.754179485","13.3125933181611"
"528","10.770889939","13.3131236421515"
"529","10.787596151","13.3134427228811"
"530","10.804302364","13.312080720878"
"531","10.839729","13.3087865077902"
"532","10.856439303","13.3060462543023"
"533","10.873147545","13.3039737067856"
"534","10.889853757","13.3028066985617"
"535","10.90656403","13.3037787130065"
"536","10.941991","13.3056695617743"
"537","10.958698757","13.3076933608462"
"538","10.97540903","13.3084482231278"
"539","10.992119303","13.3111515459756"
"540","11.008825515","13.3154901575626"
"541","11.044253","13.3219589284646"
"542","11.060962909","13.3230195764453"
"543","11.077671182","13.3246696374404"
"544","11.094381485","13.327923965437"
"545","11.111089727","13.3321059911104"
"546","11.146515","13.3381862516796"
"547","11.163222879","13.3400283520027"
"548","11.179931121","13.3427065620154"
"549","11.196639364","13.3486317138966"
"550","11.213351667","13.349605205567"
"551","11.248779","13.35296146213"
"552","11.265487","13.3551123026035"
"553","11.282195242","13.3558169392146"
"554","11.298907545","13.3531342975252"
"555","11.315619848","13.3486568267318"
"556","11.351045","13.3382615901852"
"557","11.367755485","13.3297099311873"
"558","11.384461697","13.3235366054053"
"559","11.40117197","13.3190236811976"
"560","11.417882242","13.3138356648907"
"561","11.453303","13.3114501250932"
"562","11.470014091","13.3109316188379"
"563","11.486722697","13.3121237400573"
"564","11.503431697","13.3134000631472"
"565","11.520137909","13.3137472112099"
"566","11.555564","13.311377741029"
"567","11.572273757","13.309457347491"
"568","11.58898203","13.3077585378226"
"569","11.605688242","13.3067894776988"
"570","11.622396485","13.3046578948725"
"571","11.657826","13.303459864745"
"572","11.674536182","13.3030078336489"
"573","11.691244424","13.303852806809"
"574","11.707954697","13.3063212511283"
"575","11.72466103","13.3071292936434"
"576","11.760088","13.3106125920903"
"577","11.77679797","13.3117515331856"
"578","11.793506212","13.3131061492483"
"579","11.810212424","13.3147340520848"
"580","11.826920667","13.3168198949208"
"581","11.862345","13.3179676993709"
"582","11.879051242","13.3165111547276"
"583","11.895757454","13.3163013886634"
"584","11.912467757","13.3197905960136"
"585","11.92917803","13.3230656056221"
"586","11.964602","13.3222989254296"
"587","11.981310424","13.3203711457547"
"588","11.998018697","13.316682512921"
"589","12.01472897","13.3107928136385"
"590","12.031435182","13.3063301144832"
"591","12.066857","13.2984136613969"
"592","12.083565303","13.2946984384987"
"593","12.100273545","13.29104673631"
"594","12.116983818","13.2888087392162"
"595","12.133694121","13.2874216241858"
"596","12.169119","13.286369839413"
"597","12.185827242","13.2863565443808"
"598","12.202535485","13.2876284357984"
"599","12.219245757","13.28912781999"
"600","12.235956061","13.2891972496028"
"601","12.271385","13.2858713379883"
"602","12.288090848","13.2845241078923"
"603","12.304799091","13.2834930041566"
"604","12.321509364","13.2822624749133"
"605","12.338219636","13.2824101975115"
"606","12.373649","13.2818001031808"
"607","12.39035697","13.2812978463468"
"608","12.407069273","13.281365798742"
"609","12.423777545","13.2852154496521"
"610","12.440485788","13.2914966145293"
"611","12.475914","13.3043440488982"
"612","12.492618939","13.3123653859827"
"613","12.509326879","13.3201090045824"
"614","12.526037273","13.3257992790667"
"615","12.542747545","13.3344765044873"
"616","12.578177","13.3447934507484"
"617","12.59488903","13.3445585718172"
"618","12.611597273","13.3437741648205"
"619","12.628305515","13.3445761902057"
"620","12.645014515","13.3484051599212"
"621","12.680441","13.3573556720765"
"622","12.697147151","13.3553200546892"
"623","12.713857454","13.3504452089865"
"624","12.730567818","13.3421239950946"
"625","12.747278091","13.3341277709162"
"626","12.782705","13.3183377025175"
"627","12.799411242","13.3103134110457"
"628","12.816121545","13.3038017989677"
"629","12.832829788","13.2997084058034"
"630","12.849540091","13.2974349550348"
"631","12.884967","13.2934686033039"
"632","12.901674727","13.2912365148625"
"633","12.91838297","13.2896233841027"
"634","12.935095273","13.2897696294738"
"635","12.951803515","13.2887872742034"
"636","12.987232","13.2857574837379"
"637","13.003942454","13.2852567041339"
"638","13.020650697","13.2838651572697"
"639","13.03736097","13.2814720511974"
"640","13.054069212","13.2810525190218"
"641","13.089495","13.2771167257954"
"642","13.106207091","13.2779424951117"
"643","13.122913303","13.2800564054723"
"644","13.139623576","13.2825381450991"
"645","13.156331818","13.2836829952245"
"646","13.191756","13.2858722441095"
"647","13.208462454","13.2885371597563"
"648","13.225168667","13.2918771676706"
"649","13.241881","13.2937044961934"
"650","13.258591273","13.2934533677788"
"651","13.294015","13.2936217715392"
"652","13.310725151","13.2950192273052"
"653","13.327433394","13.2976900518559"
"654","13.344141636","13.3006740483118"
"655","13.360849879","13.304532562541"
"656","13.396277","13.3083024432121"
"657","13.412984909","13.3054248070259"
"658","13.429695182","13.3001319063815"
"659","13.446405757","13.2935996131497"
"660","13.463114333","13.289249182673"
"661","13.498545","13.2730292415412"
"662","13.515251303","13.2663610435203"
"663","13.531959545","13.2620667476305"
"664","13.548665879","13.2599690867555"
"665","13.565376151","13.2592747905504"
"666","13.600803","13.2570973594731"
"667","13.617509303","13.2554177535472"
"668","13.634219576","13.2544986498094"
"669","13.650926576","13.2535414074012"
"670","13.667636848","13.2533818669998"
"671","13.703061","13.2510286460797"
"672","13.719767424","13.2503845755705"
"673","13.736475667","13.2496326675678"
"674","13.753183909","13.2481554416293"
"675","13.769892151","13.2476827293289"
"676","13.805312","13.2482278257003"
"677","13.822020364","13.2479382894163"
"678","13.838730636","13.24924267992"
"679","13.855438879","13.2508321750299"
"680","13.872147121","13.2529121091514"
"681","13.907568","13.2557662734997"
"682","13.924276121","13.2576054194702"
"683","13.940984364","13.2602097683424"
"684","13.957692606","13.261992779737"
"685","13.974398879","13.2635734112137"
"686","14.009821","13.2658261803743"
"687","14.026527364","13.2673314733412"
"688","14.043233576","13.2679075913561"
"689","14.059943879","13.2684851865966"
"690","14.076650091","13.2695044723152"
"691","14.112078","13.2750544091915"
"692","14.128786","13.2745344257524"
"693","14.145492212","13.2699417311162"
"694","14.162204515","13.2656134598765"
"695","14.178912788","13.2593928625419"
"696","14.214338","13.2526138739006"
"697","14.231044364","13.2477685736732"
"698","14.247752606","13.2428449804848"
"699","14.264460848","13.2396704225005"
"700","14.281167061","13.2375520808767"
"701","14.316594","13.2364175715551"
"702","14.333301697","13.2355932796262"
"703","14.35000997","13.2342504814839"
"704","14.366720242","13.2344543386276"
"705","14.383426454","13.2333744866562"
"706","14.418852","13.2316106791954"
"707","14.435562212","13.2293047299104"
"708","14.452270757","13.2273252475004"
"709","14.468979333","13.2259425642648"
"710","14.485689909","13.2228522081442"
"711","14.521116","13.2224917650785"
"712","14.537825727","13.2240088758509"
"713","14.554534","13.2256087112613"
"714","14.571244273","13.2269515094036"
"715","14.587952697","13.229062464899"
"716","14.623378","13.2318988994537"
"717","14.640087151","13.2345608601596"
"718","14.656795394","13.235884454384"
"719","14.673507727","13.2383809658118"
"720","14.690216","13.241952897547"
"721","14.725637","13.2472238323248"
"722","14.742342818","13.2471721294215"
"723","14.759053091","13.24833913781"
"724","14.775763394","13.2503378243285"
"725","14.792469606","13.2519745905239"
"726","14.827895","13.2527634291055"
"727","14.844604909","13.2495844391663"
"728","14.861311121","13.2436149696754"
"729","14.878019364","13.2381137807657"
"730","14.894729667","13.2329021281144"
"731","14.930153","13.2215969190043"
"732","14.946859515","13.2174547778381"
"733","14.963567788","13.2139862516405"
"734","14.980280121","13.210377388991"
"735","14.996988364","13.210377388991"
"736","15.032416","13.2097259324096"
"737","15.049126061","13.2097451363451"
"738","15.065836333","13.2107570360238"
"739","15.082544576","13.2103419355717"
"740","15.099252818","13.2099017222808"
"741","15.134679","13.2115887141538"
"742","15.151388727","13.2108914635723"
"743","15.168099","13.210370002862"
"744","15.184807242","13.2107215826044"
"745","15.201515485","13.2097333185387"
"746","15.236943","13.2101439873134"
"747","15.253653","13.2133864979623"
"748","15.270361242","13.2167324144179"
"749","15.287069485","13.2213132916491"
"750","15.303777727","13.226566306623"
"751","15.339203","13.2336126737281"
"752","15.355915121","13.2369807485708"
"753","15.372625394","13.2384668377338"
"754","15.389335667","13.2408569890915"
"755","15.406041879","13.2419796807057"
"756","15.441466","13.2453979812259"
"757","15.458173424","13.2453329832903"
"758","15.47487997","13.244842544322"
"759","15.491588545","13.2457613787747"
"760","15.508294667","13.248161870713"
"761","15.543717","13.2500964562701"
"762","15.560426879","13.2489575150514"
"763","15.577135151","13.2450886602503"
"764","15.593843424","13.2422967031773"
"765","15.610549757","13.2377882095335"
"766","15.645973","13.2257974590123"
"767","15.662681333","13.218225198779"
"768","15.679389576","13.213700455686"
"769","15.696097818","13.2088802674025"
"770","15.712806061","13.2051502718721"
"771","15.748234","13.2028856844866"
"772","15.764944","13.2028546627416"
"773","15.781654303","13.2026035343297"
"774","15.798360515","13.2024011543742"
"775","15.815068757","13.2019949172372"
"776","15.850496","13.2014764109278"
"777","15.867202061","13.2015857256483"
"778","15.883910303","13.2011292628289"
"779","15.900616515","13.1998869158028"
"780","15.917326788","13.200191224349"
"781","15.952755","13.2009505184887"
"782","15.969464757","13.2016211790712"
"783","15.986173","13.2036597508858"
"784","16.002883303","13.2044544984484"
"785","16.019593576","13.2071002101296"
"786","16.055021","13.211983919129"
"787","16.071731485","13.2132351295109"
"788","16.088437697","13.2139072673194"
"789","16.10514797","13.2157670947938"
"790","16.121858242","13.2170965981512"
"791","16.157283","13.2176579440132"
"792","16.173992848","13.2169902378826"
"793","16.190705151","13.2194025478632"
"794","16.207413394","13.2213480544429"
"795","16.224121667","13.2249687352528"
"796","16.259543","13.2298731254156"
"797","16.276248818","13.2302483408076"
"798","16.292961121","13.2246895395478"
"799","16.309669364","13.2159310668745"
"800","16.326377636","13.2090693523244"
"801","16.361803","13.2027143182013"
"802","16.378510879","13.1979236738018"
"803","16.395221182","13.1938686880243"
"804","16.411931454","13.1909526436072"
"805","16.428637667","13.1907281052326"
"806","16.464063","13.188592036222"
"807","16.480767879","13.1882256841371"
"808","16.497473121","13.1907546953033"
"809","16.514183424","13.1917990941903"
"810","16.530891667","13.191716369526"
"811","16.566315","13.1910516177592"
"812","16.583023515","13.1897014330595"
"813","16.599733788","13.1886082857096"
"814","16.61644003","13.1873275306389"
"815","16.633148242","13.1865164798318"
"816","16.668576","13.1869227170209"
"817","16.685284333","13.18904844544"
"818","16.701990545","13.1905271488087"
"819","16.718696757","13.1934623971538"
"820","16.73540703","13.1957269848303"
"821","16.770836","13.2052536162233"
"822","16.787547727","13.2116308014805"
"823","16.804258","13.2161983847132"
"824","16.820968303","13.2200362182314"
"825","16.837680606","13.2213391316891"
"826","16.873106","13.2271401987507"
"827","16.889816091","13.232316399154"
"828","16.906524333","13.2354451641239"
"829","16.923234606","13.2383095056142"
"830","16.939942848","13.2403037609066"
"831","16.975369","13.2474934205422"
"832","16.992079485","13.2488376963318"
"833","17.008787848","13.2509309257758"
"834","17.025498121","13.2492262068073"
"835","17.042206364","13.2442420458025"
"836","17.077631","13.2357760627798"
"837","17.09434097","13.2304166863348"
"838","17.111049242","13.2241384752291"
"839","17.127759515","13.219742250229"
"840","17.144467757","13.2157788524887"
"841","17.179897","13.2095783224139"
"842","17.19660503","13.2081587078413"
"843","17.213315303","13.2088544814768"
"844","17.230023545","13.2095827540931"
"845","17.246731788","13.2123052823526"
"846","17.28216","13.2133511586455"
"847","17.298867818","13.2131945726468"
"848","17.315580151","13.2124264149176"
"849","17.332290394","13.2118813183751"
"850","17.348998636","13.2139597759232"
"851","17.384429","13.2158269900957"
"852","17.401139212","13.2175420499488"
"853","17.417847454","13.219316198858"
"854","17.434553667","13.2232722111634"
"855","17.451264242","13.2276787775215"
"856","17.486692","13.2389470605184"
"857","17.503398757","13.2451706153514"
"858","17.520107","13.2491118553928"
"859","17.536813242","13.2487883428106"
"860","17.553519454","13.248367333286"
"861","17.588945","13.2495949084263"
"862","17.605652788","13.2493186670891"
"863","17.62236103","13.2496879736897"
"864","17.639070212","13.2489834443763"
"865","17.655780364","13.2473939487546"
"866","17.691206","13.2492626401685"
"867","17.707914364","13.2492227550554"
"868","17.724622606","13.2476081465846"
"869","17.741328818","13.2413284570977"
"870","17.758037061","13.2345731007055"
"871","17.793462","13.220916142506"
"872","17.810169667","13.2119981266433"
"873","17.826879939","13.2055293521754"
"874","17.843590212","13.1992644349527"
"875","17.860296424","13.1970840487653"
"876","17.895723","13.1939700554841"
"877","17.91242903","13.1935283647862"
"878","17.929135242","13.1948105973138"
"879","17.945843545","13.1953453532757"
"880","17.962553818","13.1949405932382"
"881","17.997982","13.1941593092514"
"882","18.014692","13.1923822057835"
"883","18.031398212","13.1902165917486"
"884","18.048104424","13.1889328819285"
"885","18.064814697","13.1878293937402"
"886","18.100241","13.1885635753059"
"887","18.116951576","13.1902727263553"
"888","18.133659848","13.1920882377119"
"889","18.150366061","13.1924058414074"
"890","18.167072273","13.193453194989"
"891","18.202499","13.200059351854"
"892","18.219205454","13.206819140274"
"893","18.235911667","13.2114960393425"
"894","18.252619909","13.2162394136031"
"895","18.269332212","13.2173783552272"
"896","18.304762","13.2180933328486"
"897","18.321472485","13.2157726100322"
"898","18.338182757","13.2168583715026"
"899","18.35489303","13.2205366654636"
"900","18.371601273","13.229083897937"
"901","18.407032","13.2425488173968"
"902","18.423742273","13.2480367138085"
"903","18.440448485","13.2490294100101"
"904","18.457159061","13.2464693765022"
"905","18.473865606","13.2422548493252"
"906","18.509293","13.2361745850908"
"907","18.526003151","13.232988207551"
"908","18.542711424","13.2280365443553"
"909","18.559419697","13.2216357219725"
"910","18.576127939","13.2169883674337"
"911","18.611557","13.2192189794342"
"912","18.628268939","13.2253021981216"
"913","18.64497997","13.2289893554416"
"914","18.661690242","13.232002897482"
"915","18.678400515","13.2338243177446"
"916","18.713827","13.2431928881466"
"917","18.730535091","13.2447971561151"
"918","18.747243333","13.2464147191221"
"919","18.763953636","13.2484843134351"
"920","18.780661879","13.2522704449299"
"921","18.816089","13.2647976077445"
"922","18.832796727","13.2722369204248"
"923","18.84950903","13.2836529268572"
"924","18.866217273","13.2990781260248"
"925","18.882929576","13.3223252395376"
"926","18.918355","13.3549512641321"
"927","18.935064788","13.3645369869245"
"928","18.95177103","13.3709850806199"
"929","18.968479303","13.3722274281108"
"930","18.985187545","13.3701770377215"
"931","19.020613","13.3646359611004"
"932","19.037320727","13.3615411715719"
"933","19.05402903","13.3600698539727"
"934","19.070737303","13.3597758858982"
"935","19.087447576","13.3615928744996"
"936","19.122875","13.3626328419593"
"937","19.139581182","13.3607405148061"
"938","19.156287394","13.3542776488457"
"939","19.172999697","13.3480260262756"
"940","19.189707939","13.3430935669746"
"941","19.225134","13.3297615977649"
"942","19.241841818","13.3220150219715"
"943","19.258552091","13.3136332387808"
"944","19.275260364","13.3073963884758"
"945","19.291966576","13.302663354753"
"946","19.327392","13.2957041406869"
"947","19.344098454","13.2917614231444"
"948","19.360808757","13.2925812838548"
"949","19.37751903","13.2915191579976"
"950","19.394231333","13.2888424235701"
"951","19.42966","13.2831595332045"
"952","19.446372364","13.2794782847534"
"953","19.46307897","13.2769212056729"
"954","19.479787697","13.2761013449625"
"955","19.496495515","13.2786229706069"
"956","19.531926","13.3192215866501"
"957","19.54863403","13.3450715732651"
"958","19.565344303","13.3753236948657"
"959","19.582054576","13.3957404423945"
"960","19.598764848","13.4099026129001"
"961","19.634186","13.4422346622879"
"962","19.650894515","13.4533168150411"
"963","19.667600727","13.4580350762905"
"964","19.68430897","13.4605493156915"
"965","19.701015182","13.4618773422611"
"966","19.73644","13.4761635991627"
"967","19.753148485","13.4814269569686"
"968","19.769856727","13.4877288049618"
"969","19.78656703","13.4931782932991"
"970","19.803275303","13.4994313928198"
"971","19.838702","13.5084262246132"
"972","19.855412545","13.5064644679008"
"973","19.872120818","13.5031333222785"
"974","19.888831091","13.5014684880806"
"975","19.905539333","13.5030461659186"
"976","19.940967","13.5069164991915"
"977","19.95767703","13.5028733304251"
"978","19.974383242","13.495558105094"
"979","19.991093515","13.4890745582487"
"980","20.007801757","13.477228679426"
"981","20.043226","13.4615641702558"
"982","20.059936424","13.454723134612"
"983","20.076646697","13.4511275654569"
"984","20.093352909","13.4479663008752"
"985","20.110063182","13.4446484502909"
"986","20.145486","13.4372002745802"
"987","20.162194303","13.434040487225"
"988","20.178900515","13.4315498834471"
"989","20.195608818","13.4289603054977"
"990","20.212317061","13.4268449172355"
"991","20.247744","13.4178249725926"
"992","20.264456151","13.4150965353579"
"993","20.281166424","13.4121302646663"
"994","20.297878727","13.4065818021575"
"995","20.314587","13.4039966558874"
"996","20.350015","13.3930843841749"
"997","20.366724636","13.3894814288876"
"998","20.383430848","13.3877796640287"
"999","20.400141121","13.3861074436985"
"1000","20.416849424","13.384125005816"
"1001","20.452274","13.3831940584916"
"1002","20.468982939","13.382857250913"
"1003","20.485691515","13.3826460075633"
"1004","20.502398333","13.3819236439409"
"1005","20.519104545","13.3808098153696"
"1006","20.554528","13.3732493715665"
"1007","20.571235848","13.3685074753946"
"1008","20.587946121","13.3650492888094"
"1009","20.604654394","13.3595170766088"
"1010","20.621364667","13.3561755908951"
"1011","20.656795","13.3475309713924"
"1012","20.673503","13.3463329409169"
"1013","20.690215303","13.3442293707601"
"1014","20.706923545","13.3417491079138"
"1015","20.723633818","13.3415349101099"
"1016","20.759061","13.3422897727153"
"1017","20.775769182","13.3409174295442"
"1018","20.792479454","13.3392836173298"
"1019","20.809187697","13.3365832477746"
"1020","20.825895939","13.3353098787612"
"1021","20.861324","13.3329300672987"
"1022","20.878033879","13.3315281796029"
"1023","20.894744151","13.3303966243079"
"1024","20.911454424","13.3304837806557"
"1025","20.928160636","13.3302252660648"
"1026","20.963586","13.330839792178"
"1027","20.980292485","13.331610904272"
"1028","20.996998697","13.333399825241"
"1029","21.01370897","13.3359583810777"
"1030","21.030419242","13.3382303550251"
"1031","21.065846","13.3433711023183"
"1032","21.082553879","13.3431569045145"
"1033","21.099264151","13.3434759853809"
"1034","21.115972394","13.3426723743098"
"1035","21.132680667","13.3436813198274"
"1036","21.168111","13.3456534168494"
"1037","21.184819303","13.3455514882393"
"1038","21.201529667","13.3458173889613"
"1039","21.21823997","13.3447449227157"
"1040","21.234950242","13.3413827558078"
"1041","21.270379","13.32860643536"
"1042","21.287085151","13.325866180669"
"1043","21.303795424","13.321486204842"
"1044","21.320503667","13.3151075419007"
"1045","21.337211909","13.3101573567418"
"1046","21.372637","13.3069325718411"
"1047","21.389347061","13.3056296582899"
"1048","21.406055303","13.3069946153436"
"1049","21.422761515","13.3068203026463"
"1050","21.439469757","13.3085516118096"
"1051","21.474894","13.3107275660737"
"1052","21.491604939","13.3109580133685"
"1053","21.508312879","13.3103449644753"
"1054","21.525023182","13.3084821821759"
"1055","21.541729424","13.3062175943368"
"1056","21.577155","13.3037033552618"
"1057","21.593863454","13.3017740977812"
"1058","21.610571727","13.3006011801398"
"1059","21.627277939","13.3004740307142"
"1060","21.64398897","13.3000781340828"
"1061","21.679418","13.3001800626931"
"1062","21.696129667","13.3036722255166"
"1063","21.712835939","13.308112767584"
"1064","21.729542151","13.3146494936812"
"1065","21.746250424","13.3187281153207"
"1066","21.781674","13.3247226993891"
"1067","21.798384303","13.3238112508011"
"1068","21.815092545","13.3217992686667"
"1069","21.831798757","13.3179776843925"
"1070","21.84850497","13.3128059153379"
"1071","21.88393","13.3095737443321"
"1072","21.900639636","13.3050165013919"
"1073","21.917349909","13.297058683655"
"1074","21.934060182","13.2911926182692"
"1075","21.950768424","13.2886547435946"
"1076","21.986196","13.2826660684311"
"1077","22.002905757","13.2809391909605"
"1078","22.01961197","13.2791768600601"
"1079","22.036320212","13.2793053787427"
"1080","22.053030485","13.2785239260635"
"1081","22.088455","13.2760491550978"
"1082","22.105163","13.2758630245988"
"1083","22.121873303","13.2757610959922"
"1084","22.138581545","13.2741642144889"
"1085","22.155287757","13.2719070128821"
"1086","22.190713","13.2698167378338"
"1087","22.207423091","13.2698285556433"
"1088","22.224133364","13.2688905170174"
"1089","22.240841636","13.2685625728049"
"1090","22.257549879","13.2682183791044"
"1091","22.292976","13.2709482930896"
"1092","22.309685818","13.2732025402441"
"1093","22.326396121","13.27528986084"
"1094","22.343102303","13.2775234268279"
"1095","22.359814606","13.2800169846239"
"1096","22.395244","13.280381859491"
"1097","22.411954364","13.2822948673974"
"1098","22.428664636","13.2806743502752"
"1099","22.445372879","13.2788366809041"
"1100","22.462081454","13.2780493193489"
"1101","22.497509","13.2800155073978"
"1102","22.514219485","13.2837883430679"
"1103","22.530929788","13.2863690572087"
"1104","22.54763803","13.2851754584532"
"1105","22.564346303","13.2786889582859"
"1106","22.59977","13.2684621214245"
"1107","22.616476424","13.2659419735571"
"1108","22.633184697","13.2628916091559"
"1109","22.649893697","13.2625680966194"
"1110","22.666601939","13.2600080636245"
"1111","22.702028","13.2586017442874"
"1112","22.718733818","13.2565661265916"
"1113","22.735444091","13.2553873000885"
"1114","22.752152333","13.2552573041834"
"1115","22.768858545","13.2552129873975"
"1116","22.804279","13.255558658327"
"1117","22.820985424","13.2537165572626"
"1118","22.837691636","13.2521743331157"
"1119","22.854397848","13.2505981327663"
"1120","22.871108121","13.2494754408585"
"1121","22.906535","13.2492450302808"
"1122","22.923243394","13.2492140085335"
"1123","22.939949606","13.2491490105869"
"1124","22.956655818","13.2503736309903"
"1125","22.973364061","13.2513884852933"
"1126","23.008787","13.2545733846778"
"1127","23.025495545","13.255074164312"
"1128","23.042205848","13.2556783497703"
"1129","23.058914091","13.2565602537279"
"1130","23.075624364","13.2583092893825"
"1131","23.111051","13.2604970611767"
"1132","23.12775697","13.2630762978768"
"1133","23.144467242","13.2652286162456"
"1134","23.161175454","13.2659288213979"
"1135","23.177883727","13.2659967737966"
"1136","23.213311","13.2603434296665"
"1137","23.230021394","13.2546250875899"
"1138","23.246729636","13.2512998517297"
"1139","23.263439939","13.2481208612494"
"1140","23.280148182","13.2455800324269"
"1141","23.315576","13.2412724412372"
"1142","23.332282485","13.2386680916941"
"1143","23.348990727","13.2358465899203"
"1144","23.365701","13.2354566022405"
"1145","23.382411273","13.2339114237822"
"1146","23.417838","13.2362587359909"
"1147","23.434544424","13.2346529912641"
"1148","23.451255","13.23583920379"
"1149","23.467965576","13.2345850388654"
"1150","23.484674121","13.2335214361025"
"1151","23.5201","13.2315700204777"
"1152","23.536808333","13.2282831924951"
"1153","23.553518606","13.2283437587636"
"1154","23.570230909","13.2293290685453"
"1155","23.586941212","13.2296304226615"
"1156","23.622364","13.2282876241733"
"1157","23.639075757","13.2287145425045"
"1158","23.655786788","13.229445769404"
"1159","23.672497061","13.2308432252564"
"1160","23.689207333","13.2303660812392"
"1161","23.724633","13.228013661382"
"1162","23.741339151","13.2277994636652"
"1163","23.758049424","13.2286429595016"
"1164","23.774759697","13.22880249987"
"1165","23.791467939","13.2290979449966"
"1166","23.826896","13.2305899428859"
"1167","23.843606545","13.2301718880317"
"1168","23.860316818","13.2283253559905"
"1169","23.877029121","13.2240044710142"
"1170","23.893737394","13.2196067703049"
"1171","23.929166","13.213786501311"
"1172","23.945874333","13.2126844909888"
"1173","23.962584606","13.2110846556283"
"1174","23.979292848","13.2095158420061"
"1175","23.996001091","13.2082099745466"
"1176","24.03143","13.2051668897427"
"1177","24.048140061","13.2051004145892"
"1178","24.064848303","13.205463812095"
"1179","24.081556576","13.2062733317418"
"1180","24.098266848","13.2062245832959"
"1181","24.133692","13.2053604063006"
"1182","24.150400273","13.2052525688294"
"1183","24.167112576","13.2045110015617"
"1184","24.183824909","13.202964346324"
"1185","24.200535182","13.2000468256989"
"1186","24.235958","13.1987409582394"
"1187","24.252668485","13.1987926611365"
"1188","24.269378757","13.2002255700005"
"1189","24.286089061","13.1997351310904"
"1190","24.302797303","13.2008415730894"
"1191","24.338222","13.2036660284997"
"1192","24.354931909","13.2046794052839"
"1193","24.371640151","13.2078657809741"
"1194","24.388350424","13.2097078813384"
"1195","24.405060697","13.2117952011578"
"1196","24.440487","13.2176730819513"
"1197","24.457198242","13.2217443157957"
"1198","24.473906818","13.225574761862"
"1199","24.490617394","13.2262853073914"
"1200","24.507325848","13.2258908881474"
"1201","24.542748","13.2219392864667"
"1202","24.559454","13.2206806904039"
"1203","24.576164273","13.2162962853402"
"1204","24.592870454","13.2119443792358"
"1205","24.609580727","13.2080016645744"
"1206","24.645006","13.1999243031681"
"1207","24.661716","13.1987957029337"
"1208","24.678426273","13.195505921884"
"1209","24.695132485","13.194830829859"
"1210","24.711840727","13.1925603343613"
"1211","24.747267","13.1899249641805"
"1212","24.763974667","13.189379867994"
"1213","24.780680879","13.1884329664884"
"1214","24.797389121","13.1888140906513"
"1215","24.814097364","13.1888303401311"
"1216","24.849525","13.1824841796509"
"1217","24.866234818","13.1816495472786"
"1218","24.882943061","13.18295393734"
"1219","24.899649303","13.1854504483297"
"1220","24.916359576","13.1868065412815"
"1221","24.951783","13.1869542638253"
"1222","24.968491424","13.1873147068321"
"1223","24.985199667","13.1879868444062"
"1224","25.001907909","13.1888392034838"
"1225","25.018616151","13.1889101103048"
"1226","25.054043","13.1917449059197"
"1227","25.070751364","13.1916680901969"
"1228","25.087457576","13.1906266462634"
"1229","25.104165818","13.1905128999047"
"1230","25.120872061","13.1918985373652"
"1231","25.156299","13.1919546719318"
"1232","25.173009","13.190456765338"
"1233","25.189719273","13.1852362506413"
"1234","25.206425485","13.181306830977"
"1235","25.223135757","13.1794809803361"
"1236","25.25856","13.1765176661081"
"1237","25.275266091","13.1731126614742"
"1238","25.291972303","13.1715925964988"
"1239","25.308678515","13.1703015014663"
"1240","25.325386757","13.1690827904802"
"1241","25.36081","13.1686352078541"
"1242","25.377516424","13.1673647942376"
"1243","25.394226727","13.1664961858579"
"1244","25.41093497","13.16755535628"
"1245","25.427643212","13.1673928615151"
"1246","25.46307","13.1642522808771"
"1247","25.479778757","13.1635476444874"
"1248","25.496488212","13.1628607347994"
"1249","25.513198515","13.1635727573147"
"1250","25.529908788","13.1625091552172"
"1251","25.565337","13.1644443201447"
"1252","25.582049515","13.1643202332333"
"1253","25.598759788","13.1651977049638"
"1254","25.615472091","13.1657693910912"
"1255","25.632180333","13.1683781172282"
"1256","25.667608","13.1734021598938"
"1257","25.684317727","13.1750551748137"
"1258","25.701023939","13.1751482399969"
"1259","25.717732182","13.1753240297873"
"1260","25.734442454","13.1775502080575"
"1261","25.76987","13.1779017876384"
"1262","25.786580424","13.1789506174804"
"1263","25.803288667","13.1810733899915"
"1264","25.819994879","13.1839613651198"
"1265","25.836705151","13.1827352682623"
"1266","25.872132","13.1796493449666"
"1267","25.888839606","13.1754067543946"
"1268","25.905545818","13.1736001080611"
"1269","25.922254061","13.17090712665"
"1270","25.938960303","13.1674504198468"
"1271","25.97439","13.1569768936783"
"1272","25.991097697","13.1549176418477"
"1273","26.00780797","13.1546620819003"
"1274","26.024514182","13.1535054146239"
"1275","26.041220394","13.1518583086044"
"1276","26.076646","13.1540475562464"
"1277","26.093354091","13.1529100928967"
"1278","26.110062333","13.1515924080811"
"1279","26.126774636","13.1508656133174"
"1280","26.143480848","13.1508139104378"
"1281","26.178907","13.1501884317618"
"1282","26.195615091","13.1501721822895"
"1283","26.212323364","13.1491809644776"
"1284","26.229033636","13.1472856851146"
"1285","26.245743939","13.1473004573622"
"1286","26.28117","13.1495089083737"
"1287","26.297878485","13.1500687765565"
"1288","26.314590788","13.1525948308907"
"1289","26.331301121","13.1562864155581"
"1290","26.348009364","13.1583028273512"
"1291","26.383438","13.1619279369045"
"1292","26.400146","13.164829206327"
"1293","26.416858303","13.1670509523613"
"1294","26.433568545","13.1682445499648"
"1295","26.450275091","13.1676063888699"
"1296","26.485703","13.168918164454"
"1297","26.502414151","13.1704603871001"
"1298","26.519120394","13.1737870972525"
"1299","26.535830667","13.1755080640943"
"1300","26.552538939","13.175880324733"
"1301","26.587965","13.1668722081657"
"1302","26.604672818","13.1627079115761"
"1303","26.621381061","13.1633239142998"
"1304","26.638087273","13.1632544847362"
"1305","26.654798303","13.1592600689936"
"1306","26.690225","13.1435719420759"
"1307","26.706934788","13.1407578289141"
"1308","26.72364303","13.1391934478966"
"1309","26.740351273","13.1381933667362"
"1310","26.757061545","13.1381416638697"
"1311","26.792486","13.1384489266191"
"1312","26.809194424","13.1389748186325"
"1313","26.825904697","13.1373764614456"
"1314","26.842612939","13.1361991133144"
"1315","26.859321182","13.135897759464"
"1316","26.894748","13.1351074442191"
"1317","26.911456545","13.1350202879584"
"1318","26.928164818","13.1346229144988"
"1319","26.94487103","13.1350069929356"
"1320","26.961577242","13.1354900454311"
"1321","26.997003","13.141302976129"
"1322","27.013713061","13.1478795791956"
"1323","27.030421303","13.1564327085208"
"1324","27.047131606","13.1619811633992"
"1325","27.063839848","13.1690807039064"
"1326","27.099265","13.1951123524329"
"1327","27.11597297","13.2065076615201"
"1328","27.132681212","13.2116956736427"
"1329","27.149393515","13.2150046563177"
"1330","27.166103788","13.2162174575571"
"1331","27.201534","13.2192531537166"
"1332","27.218245848","13.2194954185196"
"1333","27.234956151","13.2195796203108"
"1334","27.251666424","13.2191866786182"
"1335","27.268376697","13.2189813444254"
"1336","27.303804","13.2085728212431"
"1337","27.320513939","13.2003860435712"
"1338","27.337220151","13.1956781293814"
"1339","27.353930424","13.1927679972966"
"1340","27.370636636","13.1873569242883"
"1341","27.406065","13.1730293247503"
"1342","27.422775333","13.169039341623"
"1343","27.439483606","13.1675916617026"
"1344","27.456192151","13.1637656504846"
"1345","27.472898727","13.1618363954071"
"1346","27.508322","13.1612203928288"
"1347","27.525030212","13.1602794008806"
"1348","27.541742515","13.162468647454"
"1349","27.558452788","13.1647480047163"
"1350","27.575163061","13.1631023767252"
"1351","27.610588","13.1609234707227"
"1352","27.627297697","13.1603473532034"
"1353","27.644005939","13.158463945495"
"1354","27.660712939","13.1568907014936"
"1355","27.677425273","13.1567695690916"
"1356","27.712849","13.1598540136689"
"1357","27.729559545","13.160146504103"
"1358","27.746269879","13.1604774023718"
"1359","27.762978121","13.1617507698171"
"1360","27.779688394","13.1641113744314"
"1361","27.815108","13.1673681020244"
"1362","27.831818576","13.1699118820348"
"1363","27.848526818","13.1712443382307"
"1364","27.86523303","13.1740436780215"
"1365","27.881941303","13.1784487604785"
"1366","27.917364","13.1903551872402"
"1367","27.934073818","13.1971710995328"
"1368","27.950782061","13.2018021972869"
"1369","27.967492333","13.2042602982957"
"1370","27.984200606","13.2072339505378"
"1371","28.019625","13.2053652619704"
"1372","28.036332788","13.2006721208014"
"1373","28.053043061","13.1970145137714"
"1374","28.069749273","13.1967013422486"
"1375","28.086457545","13.1963113550693"
"1376","28.121885","13.1922031946693"
"1377","28.138592879","13.1908825562667"
"1378","28.155299121","13.1888070563163"
"1379","28.172007364","13.1880448086477"
"1380","28.188715606","13.1885677460018"
"1381","28.224145","13.200542125075"
"1382","28.240853242","13.2041716648459"
"1383","28.257559454","13.2053726480912"
"1384","28.274267697","13.2061053512766"
"1385","28.29097597","13.2041480292593"
"1386","28.326406","13.201370847831"
"1387","28.34311597","13.2002333852247"
"1388","28.359826273","13.2001491834474"
"1389","28.376534515","13.1994460247453"
"1390","28.393244788","13.2008257521145"
"1391","28.428669","13.2022246833978"
"1392","28.445374939","13.2037225887"
"1393","28.462085515","13.2060772840174"
"1394","28.478792061","13.2099003401538"
"1395","28.49550003","13.213108871038"
"1396","28.530925","13.2185568737548"
"1397","28.547631273","13.2201507986277"
"1398","28.564339515","13.22256753736"
"1399","28.581049788","13.2257361831917"
"1400","28.597756","13.2287186987788"
"1401","28.633183","13.236409378634"
"1402","28.649891697","13.2415752298028"
"1403","28.666597909","13.2455105536557"
"1404","28.683306151","13.2468356232863"
"1405","28.700012424","13.2442105968274"
"1406","28.735436","13.2351877146601"
"1407","28.752143636","13.2324016708213"
"1408","28.768853909","13.2299169806109"
"1409","28.785560121","13.223637302796"
"1410","28.802270424","13.2183872498781"
"1411","28.837699","13.2098001486931"
"1412","28.854411121","13.2062429940993"
"1413","28.871121424","13.2052000741893"
"1414","28.887831697","13.2051055318745"
"1415","28.904539939","13.2068383152377"
"1416","28.939965","13.2101236606765"
"1417","28.956675273","13.2099848016516"
"1418","28.973383515","13.2101280923475"
"1419","28.990093788","13.2091353980422"
"1420","29.00680203","13.2074853392045"
"1421","29.04223","13.2062946969277"
"1422","29.05893997","13.2069343347762"
"1423","29.075648212","13.2082919033275"
"1424","29.092360515","13.2098282159428"
"1425","29.109066727","13.2108740903001"
"1426","29.144494","13.2211319314542"
"1427","29.16120597","13.2267764030916"
"1428","29.177916242","13.231654195645"
"1429","29.194626515","13.2359396215074"
"1430","29.211332727","13.2400389171875"
"1431","29.246755","13.245767590574"
"1432","29.263461333","13.2477795692105"
"1433","29.280169576","13.2496866649666"
"1434","29.296877818","13.2515981923936"
"1435","29.313586061","13.2551656875531"
"1436","29.349007","13.2614690009466"
"1437","29.365717","13.2623819251738"
"1438","29.382423212","13.266600875971"
"1439","29.399129424","13.268958524946"
"1440","29.415837667","13.2735320094237"
"1441","29.451265","13.2983429706879"
"1442","29.467971848","13.3069374560691"
"1443","29.484682424","13.3126410153775"
"1444","29.501389303","13.3143427766631"
"1445","29.518097576","13.3124445446736"
"1446","29.553522","13.3068340504354"
"1447","29.570232151","13.3046728726917"
"1448","29.586942424","13.3026889617486"
"1449","29.603652697","13.2993740725779"
"1450","29.62036297","13.2995853155153"
"1451","29.655789","13.2982365566961"
"1452","29.672499242","13.2993622008752"
"1453","29.689209515","13.2993237930686"
"1454","29.705919818","13.2985260924692"
"1455","29.722630091","13.2971685242269"
"1456","29.758062","13.2998703657015"
"1457","29.774769788","13.3028351529292"
"1458","29.791476","13.3064262828497"
"1459","29.808184273","13.3085549616714"
"1460","29.824890485","13.3134859331542"
"1461","29.860315","13.3253332642782"
"1462","29.877023061","13.332852331039"
"1463","29.893731303","13.3425074627381"
"1464","29.910441576","13.3495479091393"
"1465","29.927149818","13.3565366527238"
"1466","29.962579","13.3637809559448"
"1467","29.979287364","13.3647618322374"
"1468","29.995997636","13.3672642485621"
"1469","30.012705879","13.3710873025458"
"1470","30.029414121","13.3705023221062"
"1471","30.064837","13.3619787434796"
"1472","30.081544727","13.3539012862992"
"1473","30.09825703","13.344783863893"
"1474","30.114969333","13.3354566757737"
"1475","30.131677576","13.3279479495762"
"1476","30.167106","13.3097707164737"
"1477","30.183813636","13.3021615390897"
"1478","30.200521879","13.2980474721096"
"1479","30.217230121","13.2941801014259"
"1480","30.233936333","13.2892033360198"
"1481","30.269366","13.2852657389319"
"1482","30.286074212","13.2846039428455"
"1483","30.302784485","13.2824929905966"
"1484","30.319492727","13.2808370231571"
"1485","30.336203","13.278921064398"
"1486","30.371631","13.2759459364559"
"1487","30.388342667","13.2735070406106"
"1488","30.405050909","13.2715482423726"
"1489","30.421759242","13.2715393790322"
"1490","30.438467485","13.2700060211355"
"1491","30.473892","13.2680619951316"
"1492","30.490598667","13.2683205092279"
"1493","30.507308667","13.2678788194291"
"1494","30.52401897","13.268748904016"
"1495","30.540729242","13.271622103543"
"1496","30.576156","13.2776920145232"
"1497","30.592865879","13.2844458799409"
"1498","30.609574121","13.2886781250026"
"1499","30.626284424","13.2930684329688"
"1500","30.642992667","13.2975534450229"
"1501","30.678422","13.3049055860093"
"1502","30.695131636","13.3034372259248"
"1503","30.711841909","13.3031388267929"
"1504","30.728552182","13.3009909439329"
"1505","30.745258394","13.2959314537022"
"1506","30.780686","13.2886664688979"
"1507","30.797394273","13.2862910936304"
"1508","30.814102515","13.2810203604499"
"1509","30.830810757","13.2754586142547"
"1510","30.84752103","13.2707728615505"
"1511","30.882946","13.2608725101559"
"1512","30.899651545","13.2581219201385"
"1513","30.916361848","13.2555943908582"
"1514","30.933068061","13.2545366988859"
"1515","30.949776303","13.2550640676487"
"1516","30.985204","13.2543742043092"
"1517","31.001914212","13.254821803007"
"1518","31.018620424","13.2515497531205"
"1519","31.035328667","13.2498598095223"
"1520","31.052034879","13.2493752802389"
"1521","31.087459","13.2484232436262"
"1522","31.104165303","13.249092425784"
"1523","31.120871545","13.248817662249"
"1524","31.137577788","13.2481233672951"
"1525","31.154286091","13.2465220572311"
"1526","31.18971","13.2514293930545"
"1527","31.206415576","13.2541533928312"
"1528","31.223123818","13.259183338189"
"1529","31.239832061","13.2685193894846"
"1530","31.256540303","13.2756735819568"
"1531","31.291966","13.2970829793343"
"1532","31.308676515","13.3120236158538"
"1533","31.325384757","13.325617024718"
"1534","31.342093","13.3347314925176"
"1535","31.358801242","13.3428355395757"
"1536","31.394231","13.3383492123946"
"1537","31.41094297","13.3301181241322"
"1538","31.427649212","13.3232076735055"
"1539","31.444359485","13.3179354635255"
"1540","31.461066061","13.3144802382121"
"1541","31.496496","13.3000979921024"
"1542","31.513205848","13.2943545478877"
"1543","31.529916121","13.2881620277879"
"1544","31.546624364","13.2855798414485"
"1545","31.563332606","13.2833713926057"
"1546","31.598758","13.2757105125394"
"1547","31.615466485","13.2733632047058"
"1548","31.632178788","13.2699537733149"
"1549","31.648890879","13.2659875362377"
"1550","31.665600242","13.2631778574866"
"1551","31.701023","13.2572054436114"
"1552","31.717731121","13.2558508298287"
"1553","31.734441394","13.2524502617504"
"1554","31.751151667","13.2493865005886"
"1555","31.767861939","13.2481500646713"
"1556","31.803288","13.2428941041054"
"1557","31.819996485","13.2419235683854"
"1558","31.836702727","13.242381507614"
"1559","31.85340903","13.2434244272766"
"1560","31.870115242","13.2453093642305"
"1561","31.905535","13.2406823266322"
"1562","31.922245394","13.239855081643"
"1563","31.938953636","13.2419276257856"
"1564","31.955659909","13.2423589749585"
"1565","31.972366121","13.2418109251532"
"1566","32.007793","13.2465720155106"
"1567","32.024500757","13.2520466046713"
"1568","32.04121103","13.2583366210356"
"1569","32.057919273","13.2567766733417"
"1570","32.074627515","13.2542195999911"
"1571","32.110054","13.2507702838308"
"1572","32.126762182","13.2476474339966"
"1573","32.143468394","13.2463652042633"
"1574","32.160178667","13.2455955709787"
"1575","32.176888939","13.250112919509"
"1576","32.212318","13.267551539326"
"1577","32.229027939","13.2679828884989"
"1578","32.245738212","13.2664495308225"
"1579","32.262448485","13.261415154174"
"1580","32.279156727","13.2597902086595"
"1581","32.314581","13.2517452511395"
"1582","32.331287303","13.2484776334322"
"1583","32.347995576","13.2461687335784"
"1584","32.364701757","13.2430636104225"
"1585","32.38140803","13.2412288992143"
"1586","32.416831","13.2372241471327"
"1587","32.433539151","13.2381400255136"
"1588","32.450245727","13.238673303087"
"1589","32.466954273","13.2376466329665"
"1590","32.483662818","13.2378460580978"
"1591","32.519087","13.2434683695779"
"1592","32.535793061","13.2458570394843"
"1593","32.552501303","13.2491852233426"
"1594","32.569207545","13.2510125484348"
"1595","32.585913788","13.253241678236"
"1596","32.621343","13.2688101334881"
"1597","32.638049394","13.277058947809"
"1598","32.654760424","13.2827388709938"
"1599","32.671470697","13.2848557318322"
"1600","32.688178939","13.2862576166442"
"1601","32.7236","13.2821496159119"
"1602","32.740307818","13.276440149141"
"1603","32.757016091","13.2754120019554"
"1604","32.773724333","13.2708193157482"
"1605","32.790432576","13.2651098489774"
"1606","32.825857","13.2451422261205"
"1607","32.842565091","13.2347957564534"
"1608","32.859271303","13.2287376650621"
"1609","32.875977515","13.2272648737631"
"1610","32.892683727","13.2242217944493"
"1611","32.928108","13.2190707179603"
"1612","32.944817606","13.2161945648418"
"1613","32.961527909","13.2131825072103"
"1614","32.978240242","13.2114822235743"
"1615","32.994948485","13.2092988880277"
"1616","33.030379","13.2076473527496"
"1617","33.047086576","13.2049396030495"
"1618","33.063792788","13.2027488813881"
"1619","33.080501061","13.201561194122"
"1620","33.097209333","13.2025080940444"
"1621","33.132639","13.2000470405799"
"1622","33.149346757","13.1997072792973"
"1623","33.166055","13.1972683841773"
"1624","33.182765273","13.1985860670646"
"1625","33.199473576","13.197283156407"
"1626","33.234897","13.1957557078582"
"1627","33.25160703","13.1943774588291"
"1628","33.268315303","13.1924112750589"
"1629","33.285021515","13.1927495591185"
"1630","33.301727727","13.1925782012543"
"1631","33.337153","13.189279562367"
"1632","33.353863061","13.1880948295467"
"1633","33.370573364","13.1865688582209"
"1634","33.387281576","13.1843751821136"
"1635","33.403991848","13.1799553309937"
"1636","33.439413","13.1787070775858"
"1637","33.45612403","13.1794117129415"
"1638","33.472834606","13.1830382953277"
"1639","33.489541151","13.1804147473367"
"1640","33.506249151","13.1765503320527"
"1641","33.54167","13.1729265764596"
"1642","33.55837797","13.1721628523072"
"1643","33.575086212","13.1698480442863"
"1644","33.591794454","13.1673544923149"
"1645","33.608504727","13.1638239299857"
"1646","33.64393","13.1582813902956"
"1647","33.660640757","13.1565264496902"
"1648","33.677347","13.1552072897906"
"1649","33.694057273","13.1556504566101"
"1650","33.710767545","13.1548276435485"
"1651","33.746195","13.1543667500561"
"1652","33.762903454","13.1557080682967"
"1653","33.779615757","13.1560507839705"
"1654","33.79632603","13.156598833604"
"1655","33.813034273","13.1588309171519"
"1656","33.848461","13.1660456729745"
"1657","33.865168879","13.1678862924984"
"1658","33.881875091","13.1684565004729"
"1659","33.898585364","13.1697800920407"
"1660","33.915293606","13.1705098400702"
"1661","33.950718","13.1745840203648"
"1662","33.967423697","13.1731156609693"
"1663","33.984129909","13.1700873543689"
"1664","34.000842212","13.1627618068415"
"1665","34.017552485","13.1542810711377"
"1666","34.052978","13.1464783806678"
"1667","34.069686394","13.1443423165975"
"1668","34.086396667","13.1422431830955"
"1669","34.103104909","13.1379415105002"
"1670","34.119817212","13.1364628105456"
"1671","34.15524","13.1343164059162"
"1672","34.171947757","13.1326722570156"
"1673","34.18865397","13.1317371750263"
"1674","34.205364273","13.1333118944585"
"1675","34.222074576","13.1331065604988"
"1676","34.257501","13.1313590060069"
"1677","34.274211182","13.129556794274"
"1678","34.290921454","13.127645268059"
"1679","34.307631727","13.1274251618719"
"1680","34.324338091","13.1277575369866"
"1681","34.359758","13.1253270406458"
"1682","34.376468242","13.1263507559802"
"1683","34.393176515","13.1273995841005"
"1684","34.409882727","13.1296892792928"
"1685","34.42659097","13.1314589920931"
"1686","34.462018","13.1367090415857"
"1687","34.478727303","13.1382291037489"
"1688","34.495437909","13.1384669366043"
"1689","34.512146909","13.138944079538"
"1690","34.528857182","13.1400519965665"
"1691","34.564285","13.1424406656801"
"1692","34.580995424","13.1428528108147"
"1693","34.597707727","13.1430478042117"
"1694","34.614416061","13.1405837967402"
"1695","34.631128394","13.1343233269176"
"1696","34.666556","13.1242710921576"
"1697","34.683266121","13.1226727371589"
"1698","34.699976394","13.1209473410052"
"1699","34.716682606","13.1180800516777"
"1700","34.73339097","13.1165629439295"
"1701","34.768816","13.1097632876831"
"1702","34.785524454","13.1098105588106"
"1703","34.802234757","13.109608179296"
"1704","34.81894097","13.1106895063376"
"1705","34.835647182","13.1118506034068"
"1706","34.871071","13.1123986530413"
"1707","34.887779333","13.1135435006604"
"1708","34.904487576","13.1150783350814"
"1709","34.921195818","13.1175039348113"
"1710","34.937902061","13.1162645449372"
"1711","34.973329","13.112255362436"
"1712","34.99003497","13.1107471180242"
"1713","35.006741182","13.110030664998"
"1714","35.023447424","13.1089818368566"
"1715","35.040155667","13.1090616068843"
"1716","35.075585","13.1114000504728"
"1717","35.092295333","13.1132111255452"
"1718","35.109005606","13.1142082508909"
"1719","35.125713848","13.1144904004332"
"1720","35.142420182","13.1148405022212"
"1721","35.177841","13.1178915573724"
"1722","35.19454703","13.1194677540299"
"1723","35.211253212","13.1203304521067"
"1724","35.227961454","13.1206096472035"
"1725","35.244669727","13.1186981209853"
"1726","35.280092","13.1110534933352"
"1727","35.296798242","13.1105039664781"
"1728","35.313506485","13.1088701581339"
"1729","35.330212727","13.1067739790739"
"1730","35.34692303","13.1052155090892"
"1731","35.382349","13.0979918899184"
"1732","35.399056909","13.093535108929"
"1733","35.415767212","13.0898184165295"
"1734","35.432477485","13.0881343826123"
"1735","35.44918603","13.0872982745447"
"1736","35.484612","13.0876646257828"
"1737","35.501318091","13.0864577348089"
"1738","35.518028394","13.085061759325"
"1739","35.534734606","13.0840675884248"
"1740","35.551444879","13.0823791228395"
"1741","35.586868","13.0813967697211"
"1742","35.60357597","13.0819832271467"
"1743","35.620288273","13.0831088708702"
"1744","35.636999803","13.085008632298"
"1745","35.653711439","13.0867458462405"
"1746","35.689139015","13.0923267937532"
"1747","35.705847348","13.0966373297092"
"1748","35.722557621","13.100915366765"
"1749","35.739263833","13.1058433818264"
"1750","35.755970045","13.1087091939425"
"1751","35.791397015","13.1110757047724"
"1752","35.808102954","13.1108112819019"
"1753","35.824811197","13.1105631084815"
"1754","35.8415215","13.1108363946885"
"1755","35.858229742","13.1113031970744"
"1756","35.893658015","13.1094359875307"
"1757","35.910368439","13.1032671053674"
"1758","35.927076682","13.0968515270065"
"1759","35.943784924","13.0933268735483"
"1760","35.960497227","13.0934420969221"
"1761","35.995919015","13.0905646623897"
"1762","36.012629409","13.0863737823281"
"1763","36.029339712","13.0825566395438"
"1764","36.046050106","13.0795770818829"
"1765","36.062760409","13.0781220177797"
"1766","36.098188015","13.0801413808549"
"1767","36.114895985","13.0813984971511"
"1768","36.131604227","13.0811606643383"
"1769","36.14831453","13.08062886426"
"1770","36.165022773","13.0782608766891"
"1771","36.200449015","13.0763168519584"
"1772","36.217154924","13.075505856839"
"1773","36.233865167","13.075075985109"
"1774","36.250575439","13.0747642911742"
"1775","36.267287773","13.0757688024332"
"1776","36.302716015","13.0806539770415"
"1777","36.319424439","13.0819613189006"
"1778","36.336136742","13.0839555691943"
"1779","36.352844985","13.0845892976209"
"1780","36.369557318","13.0844445298218"
"1781","36.404984015","13.0869676257489"
"1782","36.4216925","13.0874270419277"
"1783","36.438400773","13.0874698813784"
"1784","36.455109318","13.0883857592911"
"1785","36.471819864","13.0887979043518"
"1786","36.507244015","13.0908999918835"
"1787","36.523953651","13.0928248127225"
"1788","36.540663954","13.0939194345503"
"1789","36.557374227","13.0916193992117"
"1790","36.57408247","13.0861669711866"
"1791","36.609506015","13.0779994083172"
"1792","36.626216076","13.0821031322548"
"1793","36.642924318","13.0841240783403"
"1794","36.659635348","13.0853915352038"
"1795","36.676341561","13.0882942773211"
"1796","36.711771015","13.092585608543"
"1797","36.728476864","13.0936240959264"
"1798","36.745187136","13.0937038659388"
"1799","36.761899439","13.0913122427897"
"1800","36.778609712","13.0873902171807"
"1801","36.814037015","13.0858953794951"
"1802","36.830744954","13.0852365383389"
"1803","36.847455257","13.0850193866573"
"1804","36.86416147","13.0861494617348"
"1805","36.880867682","13.0870372723512"
"1806","36.916293015","13.1074022593029"
"1807","36.933001257","13.1178196311281"
"1808","36.94971153","13.1302017086436"
"1809","36.966421833","13.1371402218971"
"1810","36.983132136","13.1271807889921"
"1811","37.018560015","13.1176630455618"
"1812","37.035268045","13.1159627626675"
"1813","37.051974257","13.1093640105485"
"1814","37.0686825","13.1018715389237"
"1815","37.085392803","13.0977161125277"
"1816","37.120822015","13.1032424012399"
"1817","37.137529773","13.1077759965507"
"1818","37.154238015","13.1112504234555"
"1819","37.170946257","13.1151621081682"
"1820","37.18765653","13.1171268138584"
"1821","37.223080015","13.1161813915714"
"1822","37.239788379","13.1089045944058"
"1823","37.256496621","13.1012717866604"
"1824","37.273202833","13.0983823397956"
"1825","37.289911076","13.0994311676453"
"1826","37.325337015","13.1028863906599"
"1827","37.342045288","13.0985492659182"
"1828","37.358755561","13.0957469751705"
"1829","37.375463803","13.0960483285245"
"1830","37.392172045","13.0964575191081"
"1831","37.427597015","13.0981917781159"
"1832","37.444307409","13.102881958993"
"1833","37.461016015","13.1075677082031"
"1834","37.477726591","13.119481506242"
"1835","37.494433136","13.1383175680889"
"1836","37.529858015","13.1831675150524"
"1837","37.54656853","13.1849844985103"
"1838","37.563276773","13.1799944415015"
"1839","37.579985015","13.1700394402635"
"1840","37.596695288","13.1615675702383"
"1841","37.632118015","13.1526296308184"
"1842","37.648829833","13.149181847276"
"1843","37.665540864","13.1418503932257"
"1844","37.682249106","13.1352191425243"
"1845","37.698959379","13.1334981785975"
"1846","37.734385015","13.1343017875041"
"1847","37.751092682","13.1332293241471"
"1848","37.767802985","13.131552676888"
"1849","37.784509167","13.1292437785039"
"1850","37.801215379","13.1295850168447"
"1851","37.836640015","13.133959071941"
"1852","37.853347985","13.1347035919573"
"1853","37.870056227","13.131303026327"
"1854","37.88676447","13.1289527657197"
"1855","37.903472712","13.1273987279077"
"1856","37.938898015","13.1217025588935"
"1857","37.955604257","13.1167538643401"
"1858","37.97231047","13.1084769880468"
"1859","37.989016682","13.0996845611867"
"1860","38.005726954","13.0927032088108"
"1861","38.041153015","13.079349119628"
"1862","38.057860833","13.0750961967567"
"1863","38.074571106","13.0684575599439"
"1864","38.091279409","13.0662062732277"
"1865","38.107987651","13.0652239204283"
"1866","38.143416015","13.0616505197941"
"1867","38.160123561","13.0585247175031"
"1868","38.176829773","13.0587714136196"
"1869","38.193540076","13.0582071147183"
"1870","38.210248318","13.0553220996548"
"1871","38.245674015","13.0524710607032"
"1872","38.262379651","13.0511341745627"
"1873","38.279087894","13.0508904328906"
"1874","38.295798167","13.0514163240133"
"1875","38.312506409","13.05262616904"
"1876","38.347934015","13.0525006051483"
"1877","38.364639924","13.0555126613257"
"1878","38.381346136","13.0551241518727"
"1879","38.398052348","13.0557903791096"
"1880","38.414762621","13.056308884121"
"1881","38.450184015","13.0592583848415"
"1882","38.466890712","13.059056005396"
"1883","38.483599288","13.0588019231723"
"1884","38.500309682","13.0591594109521"
"1885","38.517020015","13.0571740242744"
"1886","38.552445015","13.046112584213"
"1887","38.569153288","13.0407015191829"
"1888","38.58585953","13.0396778041773"
"1889","38.602567803","13.0393217936197"
"1890","38.619276045","13.0396896219551"
"1891","38.654702015","13.0356082149995"
"1892","38.671411076","13.0359007050047"
"1893","38.688119318","13.0367220405747"
"1894","38.704827561","13.0393278606205"
"1895","38.721535803","13.0432676123564"
"1896","38.756964015","13.0530453464172"
"1897","38.77367247","13.0595894409766"
"1898","38.790382742","13.0651556144078"
"1899","38.807093045","13.0706109961704"
"1900","38.823799257","13.0758891112631"
"1901","38.859228015","13.0815527813627"
"1902","38.8759385","13.0858352486602"
"1903","38.892646742","13.0903954337404"
"1904","38.909354985","13.0958759282811"
"1905","38.926065257","13.0991922922283"
"1906","38.961493015","13.1065473818021"
"1907","38.978199409","13.1109583674351"
"1908","38.994909682","13.1160739880806"
"1909","39.011617954","13.1207006481619"
"1910","39.028326197","13.1259580821432"
"1911","39.063751015","13.1469302064008"
"1912","39.080460803","13.1621278688902"
"1913","39.097173106","13.1729987474146"
"1914","39.113883379","13.1806847347719"
"1915","39.130589591","13.183679064269"
"1916","39.166014015","13.1950285628018"
"1917","39.182720076","13.1972325783961"
"1918","39.199430379","13.1946799383512"
"1919","39.216136591","13.1930431761002"
"1920","39.232846864","13.1904358788322"
"1921","39.268271015","13.1875294415709"
"1922","39.284977288","13.1878219315662"
"1923","39.30168353","13.1902608254162"
"1924","39.318391773","13.19414001091"
"1925","39.335102045","13.2000060602609"
"1926","39.370524015","13.2195807316156"
"1927","39.387234591","13.233033794179"
"1928","39.403942833","13.2435220717896"
"1929","39.420651076","13.249057223368"
"1930","39.437357288","13.2546396460568"
"1931","39.472786015","13.2619149653853"
"1932","39.489491227","13.2639638725749"
"1933","39.5061985","13.265831081434"
"1934","39.522906742","13.2664219703135"
"1935","39.539617015","13.2670512669701"
"1936","39.575044015","13.2832608261562"
"1937","39.591751651","13.2898684410509"
"1938","39.608461924","13.2949604259698"
"1939","39.625170167","13.3017704203057"
"1940","39.641878409","13.3090031688176"
"1941","39.677306015","13.3261537188876"
"1942","39.694015803","13.3317258011325"
"1943","39.710724045","13.3354247655921"
"1944","39.727432318","13.3383097806038"
"1945","39.744142621","13.3410234378371"
"1946","39.779567015","13.343242225624"
"1947","39.796278833","13.3422377145088"
"1948","39.812987076","13.3370142567097"
"1949","39.829695318","13.3298157527914"
"1950","39.846403561","13.3245804772145"
"1951","39.881830015","13.3160184971795"
"1952","39.89853647","13.3104183477122"
"1953","39.915242712","13.3051535276907"
"1954","39.931950954","13.3017588710102"
"1955","39.948659197","13.2977940065496"
"1956","39.984084015","13.2967023393229"
"1957","40.00079447","13.3008607198954"
"1958","40.017504742","13.3016598971209"
"1959","40.034217076","13.3009242404512"
"1960","40.0509295","13.2996848510017"
"1961","40.086355015","13.2971405560874"
"1962","40.103066803","13.2962246781899"
"1963","40.119777076","13.2947607507763"
"1964","40.136487348","13.2935006800561"
"1965","40.153195591","13.2935612461751"
"1966","40.188623015","13.2928758149744"
"1967","40.205333197","13.2936232895166"
"1968","40.22204347","13.2946396185383"
"1969","40.238751712","13.295673674229"
"1970","40.255460076","13.2995247930657"
"1971","40.290886015","13.3097220593986"
"1972","40.307594561","13.3131994409642"
"1973","40.324302803","13.3145274639155"
"1974","40.341009015","13.3177108782205"
"1975","40.357717257","13.3219120987696"
"1976","40.393144015","13.3208588391875"
"1977","40.409853924","13.3155497018269"
"1978","40.426564227","13.306618415104"
"1979","40.443270439","13.3013801844193"
"1980","40.459979015","13.2938330550995"
"1981","40.495404015","13.2984508523698"
"1982","40.512113227","13.3169899936819"
"1983","40.5288215","13.3532602356448"
"1984","40.545529742","13.4083650634029"
"1985","40.562236076","13.4637978345372"
"1986","40.597663015","13.5431837671357"
"1987","40.614373257","13.5529038906284"
"1988","40.6310815","13.5527295783834"
"1989","40.647791773","13.5419990347586"
"1990","40.664500773","13.5230684295065"
"1991","40.699926015","13.4592745795016"
"1992","40.716635682","13.4385742617959"
"1993","40.733341894","13.4210765622866"
"1994","40.750052167","13.4075496366297"
"1995","40.76676447","13.3967673902204"
"1996","40.802187015","13.384530079732"
"1997","40.818893379","13.3822197038745"
"1998","40.835599591","13.3809138392593"
"1999","40.852307833","13.379689221877"
"2000","40.869016076","13.3786034634018"
"2001","40.904438015","13.3866082989277"
"2002","40.921148288","13.3915747204664"
"2003","40.937858561","13.3949501735348"
"2004","40.954568864","13.3987540210846"
"2005","40.971279136","13.40681817789"
"2006","41.006702015","13.4043379215653"
"2007","41.023411651","13.3983315354926"
"2008","41.040121924","13.3967213631318"
"2009","41.056830167","13.3991587800083"
"2010","41.073540439","13.3980848393603"
"2011","41.108965015","13.3768541997546"
"2012","41.125675076","13.3694503613394"
"2013","41.142383318","13.3665136433088"
"2014","41.159091561","13.3612901850813"
"2015","41.175801833","13.3573282747402"
"2016","41.211228015","13.3543590578179"
"2017","41.2279365","13.3495595624046"
"2018","41.244646773","13.3453480014865"
"2019","41.261355045","13.3409813322216"
"2020","41.278067348","13.3371996430071"
"2021","41.313499015","13.3262992192909"
"2022","41.330206773","13.3202677204382"
"2023","41.346915045","13.3160088884049"
"2024","41.363621257","13.312123793626"
"2025","41.380331591","13.3104737362617"
"2026","41.415757015","13.3028808133857"
"2027","41.4324635","13.3029280845009"
"2028","41.449172045","13.302932516168"
"2029","41.465880621","13.2991168508394"
"2030","41.482589167","13.2955124283069"
"2031","41.518017015","13.2921103852362"
"2032","41.534727318","13.2905770284375"
"2033","41.551437591","13.2893095716617"
"2034","41.568145833","13.2927780897381"
"2035","41.584854076","13.2980754090831"
"2036","41.620281015","13.2924516235989"
"2037","41.636990773","13.293657037036"
"2038","41.653701045","13.2948417157806"
"2039","41.670412076","13.2944384340808"
"2040","41.687122318","13.3002675534483"
"2041","41.722544015","13.309763914893"
"2042","41.7392525","13.3049718061247"
"2043","41.755962773","13.2908436531472"
"2044","41.772671015","13.2803007184126"
"2045","41.789379257","13.2702334492217"
"2046","41.824807015","13.2564598295685"
"2047","41.841516894","13.2526604141087"
"2048","41.858225136","13.2535231118647"
"2049","41.874935409","13.251617495246"
"2050","41.891645712","13.2495124536324"
"2051","41.927070015","13.2449242015257"
"2052","41.943775591","13.2500516397299"
"2053","41.960485894","13.2551126029358"
"2054","41.977192106","13.25723832566"
"2055","41.993900379","13.2558275784733"
"2056","42.029325015","13.2483882875496"
"2057","42.046031379","13.2452595309617"
"2058","42.062741651","13.2420244143765"
"2059","42.079449894","13.2387302089039"
"2060","42.096160167","13.236128820636"
"2061","42.131588015","13.2318227179667"
"2062","42.148296106","13.233749015696"
"2063","42.1650045","13.2323323596205"
"2064","42.181714833","13.2273762791898"
"2065","42.198425106","13.2244262664863"
"2066","42.233852015","13.220671167692"
"2067","42.250562348","13.21827659053"
"2068","42.267270591","13.2154004389358"
"2069","42.283982894","13.2115980690315"
"2070","42.300693318","13.2083688613351"
"2071","42.336118015","13.1999442632139"
"2072","42.352824197","13.1954195316611"
"2073","42.369530409","13.1917161356433"
"2074","42.386238651","13.188551925723"
"2075","42.402944864","13.1856875919062"
"2076","42.438368015","13.179905744274"
"2077","42.45507553","13.1769764126811"
"2078","42.471784076","13.17966643428"
"2079","42.488492651","13.1877320674103"
"2080","42.505202409","13.1909494573293"
"2081","42.540627015","13.1825974625067"
"2082","42.557334803","13.1737356049951"
"2083","42.574045076","13.1706999128487"
"2084","42.59075547","13.1660067771071"
"2085","42.607463712","13.1626520049102"
"2086","42.642888015","13.1560253971991"
"2087","42.659599015","13.1535983206656"
"2088","42.676307257","13.1512406735886"
"2089","42.6930155","13.1514179402862"
"2090","42.709725773","13.1526543755013"
"2091","42.745156015","13.1498476527907"
"2092","42.761865803","13.1475165957183"
"2093","42.778574045","13.1468208239306"
"2094","42.795284318","13.1466346938982"
"2095","42.811990561","13.1463894749666"
"2096","42.847418015","13.15167645422"
"2097","42.864125894","13.1524726771364"
"2098","42.880834136","13.1497944727814"
"2099","42.897542379","13.1482345258433"
"2100","42.914250621","13.14400819233"
"2101","42.949674015","13.1381613457569"
"2102","42.96638453","13.1362897048756"
"2103","42.983094803","13.1327620975951"
"2104","42.999803045","13.1306422833373"
"2105","43.016513318","13.1303438843964"
"2106","43.051936015","13.126554808737"
"2107","43.068642439","13.1264898109479"
"2108","43.085352712","13.1268650254577"
"2109","43.102062985","13.1283319073796"
"2110","43.118773318","13.1311149945306"
"2111","43.154196015","13.1348848662978"
"2112","43.170901833","13.1313336234576"
"2113","43.187612106","13.123561955994"
"2114","43.204318318","13.1222944991067"
"2115","43.221028591","13.1250273606934"
"2116","43.256454015","13.131516799045"
"2117","43.273160136","13.1314252112513"
"2118","43.289870561","13.1325272192208"
"2119","43.306580833","13.1312346495515"
"2120","43.323289106","13.1283437251595"
"2121","43.358715015","13.1249529572164"
"2122","43.375425076","13.128677035911"
"2123","43.392135348","13.1328487131158"
"2124","43.408845621","13.1411004797116"
"2125","43.425553864","13.1587222705673"
"2126","43.460983015","13.219415446785"
"2127","43.477692167","13.2445518700562"
"2128","43.494398742","13.2526308015836"
"2129","43.51110747","13.2409208563985"
"2130","43.527815712","13.2237289373793"
"2131","43.563246015","13.1995364594813"
"2132","43.579952379","13.1916421808047"
"2133","43.596658591","13.1870731306649"
"2134","43.613364833","13.1838542621701"
"2135","43.630073076","13.1726362321794"
"2136","43.665502015","13.1583544420886"
"2137","43.682207985","13.1533673378947"
"2138","43.698918257","13.1522712385724"
"2139","43.715630561","13.1493507690845"
"2140","43.732338803","13.1433916522841"
"2141","43.767765015","13.1393425845721"
"2142","43.784474712","13.1397310941702"
"2143","43.801184985","13.1374561710485"
"2144","43.817895257","13.14612156003"
"2145","43.83460553","13.16992552833"
"2146","43.870034015","13.2386178660435"
"2147","43.886742015","13.2665949887711"
"2148","43.903450288","13.2905259982324"
"2149","43.920160561","13.3192284373579"
"2150","43.936868803","13.3527229872669"
"2151","43.972297015","13.4206338741159"
"2152","43.98900747","13.435493258324"
"2153","44.005713712","13.4424583638555"
"2154","44.022421954","13.4455280328469"
"2155","44.039130197","13.4449903237454"
"2156","44.074551015","13.4348225991699"
"2157","44.091257045","13.4270878605564"
"2158","44.107967348","13.4177015868455"
"2159","44.124677621","13.4041909070595"
"2160","44.141383833","13.3903951232719"
"2161","44.176809015","13.3634754747067"
"2162","44.193518833","13.3498997953268"
"2163","44.210229106","13.3400659218086"
"2164","44.226937348","13.3317831324416"
"2165","44.243647682","13.3280974610539"
"2166","44.279071015","13.3279393981928"
"2167","44.295780954","13.3328629824554"
"2168","44.312489197","13.3395400304202"
"2169","44.329197439","13.3463884362532"
"2170","44.345905712","13.3503370533351"
"2171","44.381334015","13.3685009873564"
"2172","44.398043712","13.3804916064561"
"2173","44.414751954","13.3985033865083"
"2174","44.431458318","13.4111055759305"
"2175","44.448166561","13.421500794189"
"2176","44.483596015","13.4174162725911"
"2177","44.500302924","13.4037386648241"
"2178","44.517013227","13.3956405283322"
"2179","44.53372147","13.3860577827242"
"2180","44.550429742","13.380337975264"
"2181","44.585854015","13.3760525513379"
"2182","44.602564348","13.376153002502"
"2183","44.619270561","13.3728779991086"
"2184","44.635978833","13.3645154396995"
"2185","44.652687076","13.35602162274"
"2186","44.688116015","13.3427753638776"
"2187","44.704825803","13.3359786607409"
"2188","44.721536227","13.3300904497645"
"2189","44.7382445","13.3239082714061"
"2190","44.754954773","13.3175281451625"
"2191","44.790378015","13.3002815663491"
"2192","44.807086348","13.2919426423747"
"2193","44.823794591","13.284838676849"
"2194","44.840502833","13.2733503133859"
"2195","44.857209167","13.2615487786416"
"2196","44.892630015","13.2431115580703"
"2197","44.909336348","13.2381451342613"
"2198","44.926042561","13.2336130140215"
"2199","44.942748894","13.2292950911203"
"2200","44.959459167","13.2256744174868"
"2201","44.994880015","13.2445922470983"
"2202","45.011586015","13.2513712249431"
"2203","45.028292227","13.2520891554798"
"2204","45.04499847","13.2425935639376"
"2205","45.061708742","13.2301612524226"
"2206","45.097138015","13.2116870975026"
"2207","45.113844045","13.2107431517971"
"2208","45.130554318","13.2107534923604"
"2209","45.147264591","13.2082747116187"
"2210","45.163970803","13.2104403210152"
"2211","45.199399015","13.2116516441428"
"2212","45.2161115","13.2082436899288"
"2213","45.232823833","13.2052286771196"
"2214","45.249536136","13.1983211808454"
"2215","45.266246439","13.1937580379901"
"2216","45.301671015","13.1933015759822"
"2217","45.31837947","13.193843716943"
"2218","45.335085712","13.1936117928808"
"2219","45.351793954","13.1882509494293"
"2220","45.368500167","13.1787745617904"
"2221","45.403925015","13.1696497533032"
"2222","45.420637106","13.1690618184193"
"2223","45.437345348","13.1673674432639"
"2224","45.454055924","13.167358579924"
"2225","45.4707665","13.1687471698508"
"2226","45.506193015","13.1716499136871"
"2227","45.522900742","13.1696955472263"
"2228","45.539606954","13.164928547552"
"2229","45.556315197","13.1608174350346"
"2230","45.57302547","13.1593948689713"
"2231","45.608453015","13.1695980504868"
"2232","45.625162833","13.1809711928768"
"2233","45.641869045","13.1950727667506"
"2234","45.658577076","13.2094905727668"
"2235","45.675284257","13.2235788517432"
"2236","45.710709015","13.2377129246431"
"2237","45.727414742","13.2390217445207"
"2238","45.744122985","13.2439689654803"
"2239","45.760831227","13.261770983929"
"2240","45.77753947","13.2838628589517"
"2241","45.812967015","13.335460210193"
"2242","45.8296755","13.348947260909"
"2243","45.846381712","13.348322395361"
"2244","45.863089954","13.339312809127"
"2245","45.879800227","13.3268007259327"
"2246","45.915225015","13.2999905963112"
"2247","45.931934803","13.2896249188879"
"2248","45.948643045","13.2824456125922"
"2249","45.965351318","13.2759916230437"
"2250","45.98205753","13.265125166848"
"2251","46.017483015","13.2539706520664"
"2252","46.034189379","13.2501091897913"
"2253","46.050899682","13.2478061983273"
"2254","46.067609954","13.2454825257341"
"2255","46.084318197","13.2422400201129"
"2256","46.119743015","13.2364537355943"
"2257","46.136453106","13.2351005988521"
"2258","46.153165409","13.2362395381842"
"2259","46.169871621","13.2382426532741"
"2260","46.186579864","13.2403432651162"
"2261","46.222008015","13.2526780814884"
"2262","46.238717894","13.2531714741433"
"2263","46.255428167","13.2523442289735"
"2264","46.272138439","13.2572161121346"
"2265","46.288846682","13.2673808871594"
"2266","46.324273015","13.2732454645244"
"2267","46.340984621","13.2689482213116"
"2268","46.357692924","13.2639566830456"
"2269","46.374401197","13.2563061424477"
"2270","46.391107409","13.2528996650161"
"2271","46.426530015","13.2450467447964"
"2272","46.443237954","13.2351065077462"
"2273","46.459950561","13.2325804555311"
"2274","46.476659106","13.234209833071"
"2275","46.493369712","13.2396637422981"
"2276","46.528793015","13.2363783971949"
"2277","46.545501076","13.2318728654661"
"2278","46.562209318","13.2282211689305"
"2279","46.578919591","13.2226372640339"
"2280","46.595625803","13.2166338276582"
"2281","46.631053015","13.218610315504"
"2282","46.647760651","13.2312628957423"
"2283","46.664471682","13.240022832059"
"2284","46.681177894","13.250215675328"
"2285","46.697884106","13.2474473581851"
"2286","46.733310015","13.2285270775199"
"2287","46.750020015","13.2192397723558"
"2288","46.766726227","13.2155747804499"
"2289","46.78343447","13.2156013704759"
"2290","46.800142712","13.2159426091418"
"2291","46.835569015","13.2143132314424"
"2292","46.852280682","13.2140946023404"
"2293","46.868988924","13.2160297653379"
"2294","46.885699227","13.219938499148"
"2295","46.902409561","13.2303248587168"
"2296","46.937837015","13.2486409549041"
"2297","46.954546954","13.2542145197815"
"2298","46.971255348","13.2595103666104"
"2299","46.987963712","13.2583861994035"
"2300","47.004674015","13.2502998770767"
"2301","47.040098015","13.228176975512"
"2302","47.05680847","13.2238324607215"
"2303","47.073516742","13.2198306618207"
"2304","47.090227015","13.2157092078032"
"2305","47.106937288","13.2106039228267"
"2306","47.142362015","13.2068325708172"
"2307","47.159070439","13.2032724617913"
"2308","47.175780712","13.2023462425551"
"2309","47.192488954","13.2013417304649"
"2310","47.209199257","13.201507179515"
"2311","47.244622015","13.1950088726251"
"2312","47.261327864","13.1934991500424"
"2313","47.278034076","13.1915772820579"
"2314","47.294740288","13.1908431018978"
"2315","47.3114465","13.1906687895056"
"2316","47.346869015","13.1877128649576"
"2317","47.36357953","13.1859682638126"
"2318","47.380285742","13.1856802051985"
"2319","47.396993985","13.1873007195559"
"2320","47.413704257","13.1900513100149"
"2321","47.449126015","13.1903366696014"
"2322","47.465834803","13.1907798366815"
"2323","47.482545409","13.1925953444863"
"2324","47.4992555","13.1927726113183"
"2325","47.515961742","13.1927785202127"
"2326","47.551384015","13.1811941327391"
"2327","47.568092257","13.1782455944329"
"2328","47.58480253","13.1825059072962"
"2329","47.601508742","13.190101791049"
"2330","47.618214954","13.1924771665983"
"2331","47.653641015","13.1810893029254"
"2332","47.670347561","13.175846636347"
"2333","47.687055803","13.1731920655266"
"2334","47.703764045","13.1706069242158"
"2335","47.720472288","13.1679434900538"
"2336","47.755899015","13.1628928625442"
"2337","47.772605288","13.1620715262191"
"2338","47.789315651","13.1634202313716"
"2339","47.806023894","13.1704104534761"
"2340","47.822730106","13.1910192000063"
"2341","47.858155015","13.2907436112137"
"2342","47.874863257","13.3435469690174"
"2343","47.89157353","13.3787152314102"
"2344","47.908283803","13.3919260421205"
"2345","47.924994106","13.4027865900733"
"2346","47.960419015","13.4655183677342"
"2347","47.977127288","13.5108720868918"
"2348","47.99383553","13.5425866004933"
"2349","48.010541773","13.5695518402009"
"2350","48.027250045","13.5938359190633"
"2351","48.062677015","13.6390035080465"
"2352","48.079384651","13.6709484685306"
"2353","48.096093045","13.7185209775447"
"2354","48.112801288","13.7853358012532"
"2355","48.1295075","13.8395366125883"
"2356","48.164935015","13.8969252724657"
"2357","48.18164147","13.8992725807759"
"2358","48.198349742","13.8875552431315"
"2359","48.215057985","13.8735452544503"
"2360","48.231766257","13.867795900175"
"2361","48.267186015","13.8849806191279"
"2362","48.283894409","13.9010734927875"
"2363","48.300600621","13.9116917758667"
"2364","48.317306864","13.9049704085864"
"2365","48.334015106","13.8937878261004"
"2366","48.369442015","13.9036010223295"
"2367","48.386151985","13.9462277858986"
"2368","48.402860227","14.0070509895023"
"2369","48.4195685","14.070994089303"
"2370","48.436276742","14.1335515533875"
"2371","48.471705015","14.2686628535092"
"2372","48.488411924","14.3223141366414"
"2373","48.505122742","14.3569801423482"
"2374","48.521833015","14.3662349480648"
"2375","48.538539227","14.3742178642808"
"2376","48.573966015","14.38071173913"
"2377","48.590673864","14.3847652406283"
"2378","48.607380076","14.3847549000632"
"2379","48.624086288","14.3881894448822"
"2380","48.64079253","14.3919356838762"
"2381","48.676222015","14.4218761671811"
"2382","48.692929651","14.47258482135"
"2383","48.709637894","14.4932807238438"
"2384","48.726344106","14.5118198798965"
"2385","48.743050318","14.5197540477976"
"2386","48.778473015","14.4969516244646"
"2387","48.7951835","14.4716925783017"
"2388","48.811895833","14.4447273388925"
"2389","48.828606106","14.4135461033579"
"2390","48.845314379","14.3810530932755"
"2391","48.880740015","14.335101099066"
"2392","48.897449742","14.3176344073396"
"2393","48.914160015","14.2962397780877"
"2394","48.930866227","14.2747742421036"
"2395","48.94757447","14.260535283921"
"2396","48.983005015","14.2360739384966"
"2397","48.999710803","14.2279861393422"
"2398","49.016419076","14.2292417793936"
"2399","49.033129348","14.2261440415257"
"2400","49.049839621","14.2258988224097"
"2401","49.085265015","14.2215414975015"
"2402","49.101972985","14.2130607552304"
"2403","49.118685318","14.2017141986401"
"2404","49.135391561","14.1929217621311"
"2405","49.152101833","14.1878711336996"
"2406","49.187527015","14.1718949574825"
"2407","49.204235106","14.1657689100694"
"2408","49.220941318","14.1625795837215"
"2409","49.237651591","14.160563173131"
"2410","49.254359833","14.1515284719064"
"2411","49.289786015","14.1379749428456"
"2412","49.306495803","14.1306154134962"
"2413","49.323208106","14.1235011033102"
"2414","49.339916348","14.1159731704389"
"2415","49.356624591","14.1093064590873"
"2416","49.392054015","14.0860327969235"
"2417","49.408761985","14.0771059330418"
"2418","49.425472257","14.0700876424077"
"2419","49.442184561","14.0654624544525"
"2420","49.458895257","14.0612730475406"
"2421","49.494323015","14.0409774687106"
"2422","49.511029015","14.0323298001414"
"2423","49.527735257","14.0246083509424"
"2424","49.54444553","14.0199742996439"
"2425","49.561153773","14.0141761959313"
"2426","49.596577015","14.0082525281892"
"2427","49.613285197","14.0016183157628"
"2428","49.629995591","13.9976475379846"
"2429","49.646703985","13.9943784978563"
"2430","49.663414985","13.9925171957653"
"2431","49.698842015","13.993407961766"
"2432","49.715549651","13.9879880273439"
"2433","49.732255864","13.9807496303234"
"2434","49.748966136","13.9764243187977"
"2435","49.765674379","13.9739529232435"
"2436","49.801100015","13.9718537881076"
"2437","49.817807985","13.9771289545893"
"2438","49.834514197","13.9842742865052"
"2439","49.851220409","13.9881564308664"
"2440","49.867928682","13.9888152727176"
"2441","49.903352015","13.9847218563793"
"2442","49.920059742","13.9817511589101"
"2443","49.936767985","13.9768452979976"
"2444","49.953476227","13.9746723014899"
"2445","49.9701865","13.9771821050702"
"2446","50.005611015","13.9883011701375"
"2447","50.022321076","13.9910074445102"
"2448","50.039031348","13.9930888531298"
"2449","50.055739591","13.9904446221652"
"2450","50.072447833","13.9876186926483"
"2451","50.107872015","13.9745083296256"
"2452","50.124580439","13.9645533170723"
"2453","50.141286682","13.9528669979881"
"2454","50.157999015","13.9402352555422"
"2455","50.174709288","13.9305609155494"
"2456","50.210140015","13.9083715338069"
"2457","50.226848561","13.903805434415"
"2458","50.243556833","13.9028644427254"
"2459","50.260267106","13.899195018303"
"2460","50.276973318","13.8948490252875"
"2461","50.312402015","13.8923510394992"
"2462","50.329113924","13.8930113586283"
"2463","50.345824197","13.8926302348357"
"2464","50.36253447","13.8927602305479"
"2465","50.379240682","13.8914735684416"
"2466","50.414668015","13.8889637648613"
"2467","50.431379924","13.8867804277855"
"2468","50.448088348","13.883573374476"
"2469","50.464798924","13.8826707906104"
"2470","50.4815075","13.8802880282943"
"2471","50.516931015","13.8765417882238"
"2472","50.533638894","13.870321197949"
"2473","50.550349167","13.8690788525628"
"2474","50.567057409","13.8736922231228"
"2475","50.583767682","13.8734292772504"
"2476","50.619198015","13.8624638434794"
"2477","50.635908348","13.8616380752619"
"2478","50.652618773","13.8594091112206"
"2479","50.669329803","13.8610798515874"
"2480","50.686038076","13.8588374255248"
"2481","50.721460015","13.8588915104596"
"2482","50.7381685","13.8594750139515"
"2483","50.754874712","13.8602446476711"
"2484","50.771580924","13.8570154359415"
"2485","50.788289227","13.8550817496863"
"2486","50.823715015","13.8434028165052"
"2487","50.840424621","13.8373993780473"
"2488","50.857134924","13.8328081657621"
"2489","50.873843167","13.8322940917997"
"2490","50.890549348","13.8321892088935"
"2491","50.925972015","13.8292332836095"
"2492","50.942678439","13.8270588098374"
"2493","50.959386803","13.8241959496672"
"2494","50.976097076","13.8209593518175"
"2495","50.992805348","13.8179133158677"
"2496","51.028230015","13.8135806177877"
"2497","51.044940257","13.8143620692996"
"2498","51.06165053","13.8140045810843"
"2499","51.078360803","13.8124978125738"
"2500","51.095071076","13.8124933809017"
"2501","51.130498015","13.8110132024236"
"2502","51.147209682","13.806203360982"
"2503","51.163915894","13.7973636523865"
"2504","51.180626167","13.792611422682"
"2505","51.197334409","13.7913498733604"
"2506","51.232758015","13.7876390865971"
"2507","51.249464227","13.7844423737962"
"2508","51.2661745","13.7837155795734"
"2509","51.282884803","13.7852903003894"
"2510","51.299591015","13.7883629263718"
"2511","51.335014015","13.7862431098887"
"2512","51.351721591","13.7858014199038"
"2513","51.368429833","13.7853168904219"
"2514","51.385136076","13.7863287888825"
"2515","51.401846348","13.7855857451954"
"2516","51.437271015","13.7808630599715"
"2517","51.453978288","13.7750959773584"
"2518","51.470684833","13.7717574510506"
"2519","51.487391379","13.7704412444399"
"2520","51.504100439","13.7711547436464"
"2521","51.539523015","13.7739345122125"
"2522","51.556233348","13.7757411572399"
"2523","51.572943621","13.7797606839117"
"2524","51.589651864","13.7837418027579"
"2525","51.606362136","13.7874452034805"
"2526","51.641789015","13.7860964979122"
"2527","51.658494985","13.7844583117667"
"2528","51.675204015","13.7815053408556"
"2529","51.691914288","13.7783736258324"
"2530","51.708624561","13.7745830688751"
"2531","51.744051015","13.7670152499771"
"2532","51.760761197","13.7645571491287"
"2533","51.777467409","13.7608921562171"
"2534","51.794175651","13.7575122675505"
"2535","51.810883894","13.7538325023982"
"2536","51.846313015","13.7511277051306"
"2537","51.863021348","13.7479501961613"
"2538","51.879727591","13.7457033383545"
"2539","51.896435864","13.7427341179787"
"2540","51.913144106","13.740400103952"
"2541","51.948569015","13.7381207472158"
"2542","51.965275288","13.7384959621289"
"2543","51.9819815","13.7381872222988"
"2544","51.998689773","13.7384545998551"
"2545","52.015402076","13.7383024457761"
"2546","52.050829015","13.7352401602841"
"2547","52.067537318","13.7336358949467"
"2548","52.084245561","13.730712468517"
"2549","52.100953803","13.7314791478081"
"2550","52.117664076","13.7304185009276"
"2551","52.153091015","13.7285276541211"
"2552","52.169800773","13.7308114425295"
"2553","52.186511045","13.7332651117057"
"2554","52.203219288","13.7360866096748"
"2555","52.219929561","13.7420117554097"
"2556","52.255357015","13.7523863000361"
"2557","52.272067197","13.759819691544"
"2558","52.2887755","13.7675263695044"
"2559","52.305481712","13.7729226690232"
"2560","52.322187924","13.7786217994758"
"2561","52.357611015","13.7981680573719"
"2562","52.374321561","13.8050282872159"
"2563","52.391027773","13.8052410075212"
"2564","52.407738045","13.8014504498597"
"2565","52.424448439","13.7970941152752"
"2566","52.459872015","13.7677549626196"
"2567","52.476580651","13.7589713866823"
"2568","52.493289257","13.7515350393448"
"2569","52.509999318","13.744140054289"
"2570","52.52670553","13.7359133919286"
"2571","52.562131015","13.7930923145329"
"2572","52.578839409","13.8378167587101"
"2573","52.595549682","13.8048037491159"
"2574","52.612257924","13.7810617994919"
"2575","52.628968197","13.7307696967699"
"2576","52.664398015","13.694627980935"
"2577","52.681105803","13.6546365633904"
"2578","52.697814045","13.579847649108"
"2579","52.714524348","13.547796312433"
"2580","52.731234621","13.5654772106523"
"2581","52.766662015","13.6166925787918"
"2582","52.783374561","13.5897686878281"
"2583","52.800084833","13.5520846947148"
"2584","52.816793106","13.5200584708537"
"2585","52.833501409","13.516157121351"
"2586","52.868928015","13.5524687730452"
"2587","52.885635591","13.5541912166348"
"2588","52.902345864","13.5302143882451"
"2589","52.919054106","13.5083588540188"
"2590","52.935764409","13.4810242946864"
"2591","52.971190015","13.4312255846965"
"2592","52.987899742","13.416372093879"
"2593","53.004608076","13.3942905443275"
"2594","53.021314288","13.367214499256"
"2595","53.03802253","13.3484315916732"
"2596","53.073448015","13.3186448399234"
"2597","53.09015447","13.3029729668172"
"2598","53.106862712","13.2819579732449"
"2599","53.123572985","13.26842364377"
"2600","53.140279197","13.2625029285839"
"2601","53.175702015","13.2516632916222"
"2602","53.192412106","13.2591941821462"
"2603","53.209122379","13.2690709051834"
"2604","53.225832712","13.279745329453"
"2605","53.242538924","13.2588957827963"
"2606","53.277961015","13.1863537190531"
"2607","53.294667409","13.169291776026"
"2608","53.311379712","13.1518309823827"
"2609","53.328089985","13.1364604614132"
"2610","53.344796197","13.1247844789295"
"2611","53.380223015","13.1167926943601"
"2612","53.396931106","13.1112826469583"
"2613","53.41364153","13.098913846182"
"2614","53.430351803","13.0801663899952"
"2615","53.447060076","13.0632817139086"
"2616","53.482490015","13.0508360974581"
"2617","53.49919947","13.0608058856391"
"2618","53.515905712","13.0653483509904"
"2619","53.532611924","13.0715305355418"
"2620","53.549320197","13.0639981677933"
"2621","53.584745015","13.0248177422601"
"2622","53.601456682","13.0212059283466"
"2623","53.618164924","13.0186813516684"
"2624","53.634875197","13.0072934279631"
"2625","53.65158547","12.9920380262018"
"2626","53.687009015","12.9689371895841"
"2627","53.703715318","12.965707976843"
"2628","53.720425591","12.9697437541572"
"2629","53.737133864","13.005343387208"
"2630","53.753842106","13.0121711188135"
"2631","53.789267015","12.9696388712182"
"2632","53.805978712","12.9671216806826"
"2633","53.822686954","12.9688411699921"
"2634","53.839399288","12.9835558031644"
"2635","53.856109561","13.0200196125435"
"2636","53.891534015","13.0516942601171"
"2637","53.908239894","13.0671327332909"
"2638","53.924950167","13.1103430269284"
"2639","53.941656379","13.1881528726352"
"2640","53.958366651","13.2960212823205"
"2641","53.993787015","13.5450538173921"
"2642","54.010497106","13.6993292040445"
"2643","54.027207409","13.8111063276593"
"2644","54.043913591","13.8313162319528"
"2645","54.060623894","13.7409824948393"
"2646","54.096051015","13.5012807098689"
"2647","54.112756742","13.425196277398"
"2648","54.129467015","13.3549055182432"
"2649","54.146177288","13.3303171214181"
"2650","54.162887561","13.3064008616044"
"2651","54.198314015","13.2755209669073"
"2652","54.215025864","13.2596068305902"
"2653","54.231736136","13.2439438223874"
"2654","54.248444379","13.2657358338001"
"2655","54.265150591","13.3051038587559"
"2656","54.300576015","13.4368781663792"
"2657","54.317286136","13.4672454642786"
"2658","54.333996409","13.4283885588963"
"2659","54.350702591","13.4062050830703"
"2660","54.367410833","13.4263618072925"
"2661","54.402839015","13.6450884858333"
"2662","54.419546742","13.6642879687733"
"2663","54.436257015","13.6022726195924"
"2664","54.452967591","13.5171697333745"
"2665","54.469674167","13.4463264923686"
"2666","54.505101015","13.4407736065972"
"2667","54.521807106","13.533953954746"
"2668","54.53851547","13.6596598253517"
"2669","54.555225742","13.6999333887427"
"2670","54.571931924","13.6903698392657"
"2671","54.607358015","13.8540152590249"
"2672","54.62406653","13.977305868062"
"2673","54.640776803","14.0743343852543"
"2674","54.657485076","14.1617746943499"
"2675","54.674194106","14.2425670429206"
"2676","54.709617015","14.392124180235"
"2677","54.726327257","14.4769656004694"
"2678","54.74303753","14.5333497727907"
"2679","54.759749833","14.6083307211699"
"2680","54.776458076","14.6662674561758"
"2681","54.811880015","14.7736228326048"
"2682","54.828588561","14.8296701906582"
"2683","54.845298864","14.8732187559416"
"2684","54.862009136","14.9011471540164"
"2685","54.878719409","14.9331778033054"
"2686","54.914145015","14.9691659358506"
"2687","54.930852954","14.9653827650334"
"2688","54.947561197","14.9521778591627"
"2689","54.964269439","14.9309412860788"
"2690","54.980977682","14.9151039669336"
"2691","55.016404015","14.861746633893"
"2692","55.033111651","14.8429164588026"
"2693","55.049821954","14.8311400285977"
"2694","55.066530197","14.8174210487542"
"2695","55.083236379","14.8101191302265"
"2696","55.118666015","14.7827003744523"
"2697","55.13537453","14.7756879918404"
"2698","55.152084803","14.7671171378453"
"2699","55.168791015","14.763429986592"
"2700","55.185499257","14.7568445217334"
"2701","55.220923015","14.733819030313"
"2702","55.237629106","14.7134244749432"
"2703","55.254335348","14.6921864246353"
"2704","55.271041561","14.6804291983432"
"2705","55.287751833","14.6744922348468"
"2706","55.323177015","14.6531980500246"
"2707","55.339887318","14.6438679028628"
"2708","55.356595561","14.6377536724792"
"2709","55.373301773","14.6305256151545"
"2710","55.390007985","14.6235398225756"
"2711","55.425432015","14.6107337672011"
"2712","55.442142591","14.6048248709618"
"2713","55.458855197","14.5972585293275"
"2714","55.475567803","14.594580322107"
"2715","55.49227853","14.5914397437559"
"2716","55.527705015","14.5694187646962"
"2717","55.544413015","14.5612349434048"
"2718","55.561123318","14.5449116175439"
"2719","55.577833621","14.530319598281"
"2720","55.594545924","14.512833697085"
"2721","55.629971015","14.4897108342597"
"2722","55.646680894","14.4807898780858"
"2723","55.663392621","14.468181770627"
"2724","55.680102167","14.4563787502877"
"2725","55.696810409","14.4534405516075"
"2726","55.732238015","14.4368838242029"
"2727","55.748944409","14.4350210446475"
"2728","55.765650712","14.4298034892234"
"2729","55.782358954","14.4236360787207"
"2730","55.799065167","14.4166680127707"
"2731","55.834491015","14.4086392999367"
"2732","55.851199045","14.4054086108901"
"2733","55.867909348","14.4003491184418"
"2734","55.884617742","14.3981510090219"
"2735","55.901325985","14.3897027645513"
"2736","55.936751015","14.370238860172"
"2737","55.953461288","14.3607728083154"
"2738","55.970171561","14.3560102379056"
"2739","55.986877773","14.3525830780574"
"2740","56.003590076","14.3475930151405"
"2741","56.039016015","14.3395391894972"
"2742","56.05572453","14.3335815448128"
"2743","56.072434803","14.3289962412918"
"2744","56.089145076","14.3284585317294"
"2745","56.105853318","14.3275781061822"
"2746","56.141280015","14.3147676190254"
"2747","56.157986015","14.3039750199517"
"2748","56.174694257","14.288066793915"
"2749","56.1914025","14.2761825262517"
"2750","56.208114803","14.2665569341953"
"2751","56.243540015","14.2533771410204"
"2752","56.260250167","14.2454680833362"
"2753","56.276960439","14.2348379789105"
"2754","56.293670742","14.2238267506741"
"2755","56.310379045","14.2168320946908"
"2756","56.345805015","14.2076806915616"
"2757","56.362515318","14.2039935402767"
"2758","56.37922153","14.2031190236257"
"2759","56.395931954","14.1951966709249"
"2760","56.412642227","14.1910914652274"
"2761","56.448069015","14.1795857139567"
"2762","56.464777712","14.1723236782128"
"2763","56.481486257","14.1620082193846"
"2764","56.498191954","14.1557758091317"
"2765","56.514902257","14.1480129942753"
"2766","56.550332015","14.1364433718291"
"2767","56.567039591","14.1310603656756"
"2768","56.583747833","14.1259107609963"
"2769","56.600458106","14.1223993983106"
"2770","56.617166348","14.1218498707889"
"2771","56.652595015","14.1132260600901"
"2772","56.669301773","14.1105064897043"
"2773","56.686012045","14.1072684135034"
"2774","56.702720288","14.1035827382656"
"2775","56.719428561","14.1005145428873"
"2776","56.754856015","14.0926882072521"
"2777","56.771565954","14.0890335537298"
"2778","56.788272167","14.0835161200572"
"2779","56.804980409","14.0780666387137"
"2780","56.821686621","14.0730455524879"
"2781","56.857114015","14.0629250871356"
"2782","56.873826682","14.0602690374051"
"2783","56.890538985","14.0574268573821"
"2784","56.907247227","14.0517882912969"
"2785","56.92395753","14.047982960871"
"2786","56.959383015","14.039290971653"
"2787","56.9760915","14.0357825633605"
"2788","56.992799742","14.0329610644811"
"2789","57.009510015","14.0312578245816"
"2790","57.026218288","14.028446666274"
"2791","57.061646015","14.022765260677"
"2792","57.078357742","14.0221891431048"
"2793","57.095065985","14.0221566441648"
"2794","57.111774227","14.0225894709563"
"2795","57.12848253","14.0183335870444"
"2796","57.163903015","14.0081688049558"
"2797","57.18061147","14.0060283065913"
"2798","57.197321742","14.0060992133694"
"2799","57.214032015","14.0034638447825"
"2800","57.230742288","14.0017620821076"
"2801","57.266165015","13.9982930271675"
"2802","57.282871167","13.9938613524722"
"2803","57.299579409","13.993093195525"
"2804","57.316287651","13.9891534367209"
"2805","57.332993864","13.9869405538231"
"2806","57.368417015","13.9787463873115"
"2807","57.385124682","13.9733678114563"
"2808","57.401832954","13.9709732298959"
"2809","57.418539197","13.9644498047445"
"2810","57.43524947","13.9576634335611"
"2811","57.470679015","13.9515078374094"
"2812","57.487387712","13.9524473524448"
"2813","57.50409847","13.9525773482358"
"2814","57.520806742","13.9472179763043"
"2815","57.537512954","13.9466787892164"
"2816","57.572943015","13.9393369814712"
"2817","57.589650621","13.9384151931346"
"2818","57.606360894","13.9376145372396"
"2819","57.623071167","13.9332197931668"
"2820","57.63978347","13.928257794733"
"2821","57.675212015","13.9248898333612"
"2822","57.691917712","13.9225513863285"
"2823","57.708627985","13.9199411299122"
"2824","57.725334227","13.9192424025297"
"2825","57.742040439","13.9175406394332"
"2826","57.777468015","13.9114323144297"
"2827","57.794176318","13.908764446242"
"2828","57.810884561","13.9074600566463"
"2829","57.827590773","13.9045129929506"
"2830","57.844297015","13.9036429074785"
"2831","57.879724015","13.8999247323796"
"2832","57.896429591","13.9006736854091"
"2833","57.913135803","13.9058882893419"
"2834","57.929846076","13.9050846789908"
"2835","57.946556348","13.9054746663671"
"2836","57.981986015","13.8974385628558"
"2837","57.998694439","13.8919491950897"
"2838","58.015404742","13.8881438637211"
"2839","58.032115015","13.883887978755"
"2840","58.048825318","13.8801579858568"
"2841","58.084250015","13.8781806932168"
"2842","58.100958227","13.8777138900475"
"2843","58.11766647","13.8781156953072"
"2844","58.134374712","13.8751760171208"
"2845","58.151084985","13.8724283782128"
"2846","58.186510015","13.8663555053362"
"2847","58.203218288","13.8650171392876"
"2848","58.219928561","13.8614215731037"
"2849","58.236636833","13.860291495811"
"2850","58.253345076","13.8580549768289"
"2851","58.288771015","13.8544549789695"
"2852","58.305481015","13.8523115251762"
"2853","58.322187227","13.8508963434161"
"2854","58.33889547","13.8476301984562"
"2855","58.355605742","13.8458412787157"
"2856","58.391031015","13.8394020539847"
"2857","58.407737379","13.8380001672516"
"2858","58.424445621","13.8363116988259"
"2859","58.441155894","13.8350294673355"
"2860","58.457864439","13.8321651276353"
"2861","58.493293015","13.8300733767247"
"2862","58.510000773","13.8290806813773"
"2863","58.526711106","13.8271676747183"
"2864","58.543421379","13.8208495824553"
"2865","58.560131651","13.8194772402266"
"2866","58.595558015","13.8102815132364"
"2867","58.612268591","13.8060433540822"
"2868","58.628978864","13.8051629278515"
"2869","58.645687106","13.80171803864"
"2870","58.662395379","13.7981995088837"
"2871","58.697823015","13.7979587211692"
"2872","58.71453153","13.7960811678856"
"2873","58.731239773","13.7944059944603"
"2874","58.747946015","13.792085273604"
"2875","58.764656288","13.7898295506583"
"2876","58.800086015","13.7819736668173"
"2877","58.816793621","13.7807904093978"
"2878","58.833499864","13.7790443291609"
"2879","58.850208106","13.7753778561084"
"2880","58.866918379","13.7740838067957"
"2881","58.902341015","13.7733448903492"
"2882","58.919049288","13.7735206801212"
"2883","58.935759561","13.7752623283663"
"2884","58.952467833","13.7758990123304"
"2885","58.969174045","13.7917289551587"
"2886","59.004598015","13.7716564222032"
"2887","59.021309651","13.7635907738417"
"2888","59.038017894","13.7543167554509"
"2889","59.054730197","13.7447059297658"
"2890","59.0714405","13.7404529990638"
"2891","59.106867015","13.7538839285333"
"2892","59.123577167","13.7563715753906"
"2893","59.140285409","13.7484078555523"
"2894","59.156993651","13.7409936634045"
"2895","59.173703924","13.7323061033286"
"2896","59.209132015","13.7032535197523"
"2897","59.225838136","13.690221441026"
"2898","59.242546379","13.6870468845555"
"2899","59.259252591","13.6827141837048"
"2900","59.275962894","13.6713735275745"
"2901","59.311391015","13.6479506483765"
"2902","59.328100833","13.6508282826271"
"2903","59.344809076","13.6500468306156"
"2904","59.361517318","13.6514930338657"
"2905","59.37822353","13.6497233183461"
"2906","59.413650015","13.6469269314691"
"2907","59.430355682","13.6434997695279"
"2908","59.447061894","13.641691646159"
"2909","59.463768439","13.6341976838626"
"2910","59.480477015","13.6275546031516"
"2911","59.515905015","13.610987525061"
"2912","59.532617076","13.6047787484925"
"2913","59.5493255","13.5987176944216"
"2914","59.566033742","13.5961620952154"
"2915","59.582744015","13.5905427314119"
"2916","59.618165015","13.5777632581562"
"2917","59.634871257","13.5754794683454"
"2918","59.65157747","13.582032438333"
"2919","59.668286409","13.5834284702122"
"2920","59.684992682","13.5825406579989"
"2921","59.720418015","13.5701325401254"
"2922","59.737123864","13.5632146955513"
"2923","59.753834136","13.557270342238"
"2924","59.770544439","13.5518326770923"
"2925","59.787254712","13.547875191375"
"2926","59.822678015","13.542597066527"
"2927","59.839385985","13.5420652655347"
"2928","59.856096257","13.5451630063145"
"2929","59.87280653","13.5539968116857"
"2930","59.889514773","13.5488915221602"
"2931","59.924943015","13.5354694560059"
"2932","59.941650712","13.5254819379266"
"2933","59.958360985","13.5179259321618"
"2934","59.975067197","13.5176555999907"
"2935","59.991775439","13.5138857218457"
"2936","60.027203015","13.5014386241772"
"2937","60.0439115","13.4950200816458"
"2938","60.060619773","13.4897449112478"
"2939","60.077328015","13.488839372336"
"2940","60.094040318","13.4860149181771"
"2941","60.129466015","13.4758737687"
"2942","60.14617653","13.4722383180281"
"2943","60.162882742","13.4776878009736"
"2944","60.179591106","13.4895543492255"
"2945","60.196301379","13.4944941895535"
"2946","60.231732015","13.4926343633056"
"2947","60.248443682","13.4808239496029"
"2948","60.265153954","13.4696428337409"
"2949","60.281862197","13.4526517920387"
"2950","60.29857047","13.4374910320848"
"2951","60.333994015","13.4266895630423"
"2952","60.350703773","13.4266230879183"
"2953","60.367412015","13.4259420872032"
"2954","60.384122318","13.4216669981156"
"2955","60.400830561","13.4184481248875"
"2956","60.436255015","13.4085581036568"
"2957","60.452965924","13.4057691028974"
"2958","60.46967447","13.4054795668017"
"2959","60.486383045","13.4082803853608"
"2960","60.503094197","13.416699090513"
"2961","60.538517015","13.4388043812159"
"2962","60.555227136","13.451975320079"
"2963","60.571935379","13.4665998484262"
"2964","60.588641561","13.4783496967569"
"2965","60.605349864","13.4915605206972"
"2966","60.640775015","13.4960763977838"
"2967","60.657481348","13.4986321589433"
"2968","60.674192409","13.5013665026093"
"2969","60.690898621","13.5003841479157"
"2970","60.707606864","13.4964975686693"
"2971","60.743033015","13.4771518287186"
"2972","60.75973947","13.4656796985676"
"2973","60.776449742","13.4578888133737"
"2974","60.793155954","13.4515219731791"
"2975","60.809864348","13.4438463115432"
"2976","60.845289015","13.428245337229"
"2977","60.861999257","13.4217012300221"
"2978","60.8787075","13.4139073903779"
"2979","60.895417773","13.4059938955004"
"2980","60.912128045","13.3986904945905"
"2981","60.947555015","13.3859420419504"
"2982","60.964261197","13.3804615368177"
"2983","60.980969439","13.3773357284995"
"2984","60.997675651","13.3777596921041"
"2985","61.014383894","13.3771170991842"
"2986","61.049809015","13.374778651846"
"2987","61.066517015","13.3743118487134"
"2988","61.083223227","13.3736884597198"
"2989","61.09993147","13.3718699956179"
"2990","61.116641742","13.3703647032378"
"2991","61.152068015","13.3685314668848"
"2992","61.168778379","13.3675047954381"
"2993","61.185484591","13.3670778773833"
"2994","61.202196894","13.363263682167"
"2995","61.218909227","13.3600433314421"
"2996","61.254334015","13.3573606906548"
"2997","61.271042318","13.3559189189542"
"2998","61.287750591","13.3557534697426"
"2999","61.304456954","13.3533455928245"
"3000","61.321167227","13.3510396444385"
"3001","61.356591015","13.3496050138824"
"3002","61.373300985","13.3499639795917"
"3003","61.390011257","13.3505637329989"
"3004","61.4067195","13.3503377175524"
"3005","61.423429773","13.3491130979104"
"3006","61.458855015","13.3479313177975"
"3007","61.475564015","13.3461896693561"
"3008","61.492274591","13.3423651334658"
"3009","61.508984651","13.3346023153493"
"3010","61.525690864","13.3291794218563"
"3011","61.561119015","13.3216234152595"
"3012","61.577828833","13.31859214927"
"3013","61.594539106","13.3133302733174"
"3014","61.611249379","13.310018334551"
"3015","61.627955591","13.3079369243272"
"3016","61.663385015","13.3029234346085"
"3017","61.680093712","13.3021050518674"
"3018","61.696799954","13.3017579039537"
"3019","61.713508197","13.3028318466483"
"3020","61.730214409","13.3045025883094"
"3021","61.765642015","13.3113761169998"
"3022","61.782352379","13.3208776292579"
"3023","61.799062651","13.3237464005273"
"3024","61.815770894","13.3243417222686"
"3025","61.832477197","13.3212587533503"
"3026","61.867904015","13.3106256866162"
"3027","61.884613682","13.3082399679756"
"3028","61.901321924","13.3072989755458"
"3029","61.918028136","13.3061349221162"
"3030","61.934738439","13.3091336892001"
"3031","61.970166015","13.3268736862006"
"3032","61.986875833","13.3332257544079"
"3033","62.003584076","13.337249715756"
"3034","62.020290288","13.3393163537612"
"3035","62.037000561","13.3406635831112"
"3036","62.072423015","13.3361994086641"
"3037","62.089131257","13.3333114334675"
"3038","62.105841561","13.3289063480269"
"3039","62.122547773","13.3255766825061"
"3040","62.139256015","13.3256904288438"
"3041","62.174680015","13.3237962283538"
"3042","62.191389682","13.3210810883281"
"3043","62.208097924","13.3195344334821"
"3044","62.224806167","13.3170320138936"
"3045","62.24151647","13.3159684117073"
"3046","62.276943015","13.3078377638827"
"3047","62.293651015","13.2976109334158"

"Min","0","12.965707976843"
"Max","62.293651015","14.9691659358506"
"Mean","31.1412655996804","13.4041131668291"
"StdDev","17.9925448984853","0.318215071842556"
"CV","57.7771794177497%","2.37401063302%"
