	Instrument,	My DMM6500
	.Model,	DMM6500
	.SerialNumber,	04635780
	Acquisition,	
	.Measure Delay,	0 s
	.Measure Count Infinite,	Enabled
	.Start at HH:MM Enabled,	Disabled
	Function ,	2-Wire Resistance
	.Range,	Auto
	.NPLC,	1
	.Auto Zero,	On
	.Auto Delay,	Enabled
	.Line Sync,	Disabled
	Rel Enabled,	Disabled
	Filter,	
	.Digital,	Disabled
	Math,	Disabled
	Trigger Mode,	Immediate
	Limit 1,	Disabled
	Limit 2,	Disabled

"Index","DMM-1 Time (s)","DMM-1 Resistance (Ω)"
"1","0","21.8961967628291"
"2","0.016710061","21.8927622099148"
"3","0.033417879","21.8890381204967"
"4","0.050126242","21.8881532614878"
"5","0.066834606","21.8875535073014"
"6","0.102261","21.9023760036208"
"7","0.118971697","21.9042300831601"
"8","0.135681757","21.8992237606177"
"9","0.152390121","21.8966075914756"
"10","0.169098485","21.892955886157"
"11","0.204531","21.8964216554853"
"12","0.221243727","21.8962591605007"
"13","0.237954121","21.894412626584"
"14","0.254664394","21.8906176300786"
"15","0.271374818","21.8864341228371"
"16","0.306803","21.879949095722"
"17","0.323511485","21.8793670682315"
"18","0.340217879","21.8796078562542"
"19","0.356928273","21.8766341980349"
"20","0.373638697","21.880138180795"
"21","0.409065","21.8850662105117"
"22","0.425771151","21.8811811031511"
"23","0.442481545","21.8764776119587"
"24","0.459189939","21.8705879073783"
"25","0.475900333","21.8639743615026"
"26","0.511329","21.8606284420457"
"27","0.528037727","21.8599755076527"
"28","0.544748151","21.8560534696139"
"29","0.561456394","21.8521388177106"
"30","0.578168697","21.8501977412575"
"31","0.613598","21.8542113673786"
"32","0.630306121","21.8483984786091"
"33","0.647012333","21.846900570296"
"34","0.663718545","21.8520959781238"
"35","0.68042897","21.8500647908155"
"36","0.715854","21.8418853841784"
"37","0.732565394","21.8443833752608"
"38","0.749274606","21.8554714421233"
"39","0.765984909","21.8647055889335"
"40","0.782693151","21.8759856953234"
"41","0.818115","21.8750018620526"
"42","0.834823091","21.8611912655834"
"43","0.851529303","21.8508654479217"
"44","0.868239576","21.8444690544346"
"45","0.884949848","21.8320736415591"
"46","0.920377","21.8192306288623"
"47","0.937082545","21.8150175770781"
"48","0.953792818","21.8105726006341"
"49","0.970499091","21.8089742408758"
"50","0.987209364","21.8072444079028"
"51","1.022632","21.8112531588083"
"52","1.039341788","21.8130760570416"
"53","1.056052061","21.8153258739049"
"54","1.072762333","21.8090639082558"
"55","1.089468576","21.8077432672343"
"56","1.124895","21.8095749493317"
"57","1.141603879","21.8079692034869"
"58","1.158310091","21.8032302589883"
"59","1.175020364","21.797539980245"
"60","1.191730636","21.7902055477526"
"61","1.227157","21.774616370292"
"62","1.243868879","21.7747980692239"
"63","1.260577121","21.7721966723218"
"64","1.277287424","21.7692185825122"
"65","1.293997757","21.7668417241274"
"66","1.329425","21.7748069325864"
"67","1.346133394","21.7795429226308"
"68","1.362845697","21.7851962706969"
"69","1.379558","21.7854281953498"
"70","1.396268273","21.7793257702489"
"71","1.431693","21.7709986411533"
"72","1.448400727","21.76673388655"
"73","1.465106939","21.7697297030846"
"74","1.481819273","21.7685228085537"
"75","1.498529545","21.7673173912498"
"76","1.533957","21.7698877663831"
"77","1.550664757","21.773994457688"
"78","1.56737303","21.7699675366458"
"79","1.584083303","21.7651325723865"
"80","1.600793576","21.7656540335486"
"81","1.636218","21.7604231724297"
"82","1.652925879","21.7641073767874"
"83","1.669632061","21.767874305862"
"84","1.686338303","21.7730475551245"
"85","1.703048576","21.7728850601448"
"86","1.738473","21.7667353637771"
"87","1.755179333","21.7630142287422"
"88","1.771887606","21.7623258409191"
"89","1.788595848","21.7614483680288"
"90","1.805302091","21.7626006051575"
"91","1.840722","21.7564109980189"
"92","1.857432576","21.7480912569795"
"93","1.874142848","21.7447054532753"
"94","1.890849061","21.7455962210038"
"95","1.907557303","21.7510398015666"
"96","1.942984","21.7302079499799"
"97","1.959692545","21.7197048678085"
"98","1.976402818","21.7129155336791"
"99","1.993113091","21.7094248468758"
"100","2.009823394","21.705108390321"
"101","2.04525","21.6969703481715"
"102","2.061960333","21.7010164722317"
"103","2.078668576","21.7003576291025"
"104","2.095378848","21.6975464666029"
"105","2.112087121","21.6953143769881"
"106","2.147513","21.6959200399544"
"107","2.164223182","21.6994299307054"
"108","2.180931424","21.6950159771852"
"109","2.197639697","21.6849885620263"
"110","2.214345939","21.6775714065294"
"111","2.249772","21.6687656578903"
"112","2.266477757","21.6679118208306"
"113","2.28318803","21.6657476836461"
"114","2.299894242","21.6627105054542"
"115","2.316600454","21.6672987717305"
"116","2.352026","21.6603971683684"
"117","2.368736364","21.663330940688"
"118","2.385446636","21.6641729599338"
"119","2.402152879","21.6665158415546"
"120","2.418859091","21.6723036159495"
"121","2.454283","21.7409429567506"
"122","2.470988939","21.8164765147802"
"123","2.487699212","21.8761520436803"
"124","2.504407454","21.8747856089393"
"125","2.521117727","21.8391873987891"
"126","2.556543","21.7812476113168"
"127","2.573252727","21.7704771511042"
"128","2.58996503","21.7672508878886"
"129","2.606673303","21.7668771495216"
"130","2.623381545","21.7706618044475"
"131","2.658804","21.7563982991581"
"132","2.675513727","21.7427250902779"
"133","2.69222403","21.730666490009"
"134","2.708934606","21.7283605393757"
"135","2.725645182","21.7208414562728"
"136","2.761072","21.7150743638497"
"137","2.777780333","21.7067029210316"
"138","2.794488576","21.7024987342908"
"139","2.811196848","21.6996018930403"
"140","2.827907121","21.7002193737352"
"141","2.863333","21.6973151463521"
"142","2.88004303","21.6983506821586"
"143","2.896751303","21.698191141692"
"144","2.913461576","21.6971541286589"
"145","2.930167818","21.6988396441442"
"146","2.965597","21.696708006243"
"147","2.982308848","21.6923058711454"
"148","2.999017091","21.6907119437057"
"149","3.015723333","21.6947669305657"
"150","3.032433606","21.693014939886"
"151","3.067859","21.6833006981405"
"152","3.084567485","21.6829240053721"
"153","3.101275757","21.6844322536723"
"154","3.117984","21.6853156351449"
"155","3.134695","21.6855844903756"
"156","3.17012","21.6764832976454"
"157","3.186828182","21.6764064818652"
"158","3.203536424","21.6770978238872"
"159","3.220242636","21.6794687724884"
"160","3.236950879","21.6786873196473"
"161","3.272375","21.6735421395987"
"162","3.289085061","21.6702937184311"
"163","3.305791303","21.6673230158535"
"164","3.322499545","21.666116121768"
"165","3.339205757","21.6656818171644"
"166","3.374628","21.6626269126739"
"167","3.391338515","21.6608099240263"
"168","3.408050848","21.6578214947302"
"169","3.42475703","21.6556809934696"
"170","3.441465273","21.6515550997356"
"171","3.476893","21.6510915699432"
"172","3.493601091","21.6500663748815"
"173","3.510311364","21.6435651018745"
"174","3.527019606","21.6376739233352"
"175","3.543729879","21.6342851661714"
"176","3.57916","21.6300100732193"
"177","3.595869667","21.6288297693946"
"178","3.612577909","21.6292950956834"
"179","3.629288212","21.6269965315392"
"180","3.645998485","21.6226475772714"
"181","3.681423","21.6192588201076"
"182","3.698129333","21.6158493817754"
"183","3.714835879","21.6137443342783"
"184","3.731544424","21.6095298076051"
"185","3.748253939","21.6072504474029"
"186","3.783681","21.6058470824048"
"187","3.800391333","21.6076566846392"
"188","3.817099606","21.6073257859449"
"189","3.833809879","21.6040552068862"
"190","3.850516121","21.5983826578413"
"191","3.885939","21.5838349331032"
"192","3.902647212","21.577609901417"
"193","3.919353424","21.567408176494"
"194","3.936059636","21.5609970142922"
"195","3.95276597","21.5586349294165"
"196","3.988193","21.5508115388587"
"197","4.004900727","21.5470209761376"
"198","4.021609","21.5529697665032"
"199","4.038315212","21.5515146985841"
"200","4.055021424","21.5496179399972"
"201","4.090444","21.5480240128046"
"202","4.10715403","21.5482943452201"
"203","4.123862273","21.5463546686291"
"204","4.140571273","21.5448671017365"
"205","4.157279515","21.5437133879896"
"206","4.192703","21.5439970154408"
"207","4.209410757","21.5398386233826"
"208","4.22611697","21.537321429753"
"209","4.242825242","21.5347421926185"
"210","4.259535545","21.5333905305463"
"211","4.294961","21.5211558467129"
"212","4.311670818","21.5151642167037"
"213","4.328381091","21.5118744336587"
"214","4.345089394","21.5090219096084"
"215","4.361799697","21.5081237559976"
"216","4.397224","21.5169058665511"
"217","4.413932576","21.5204216652251"
"218","4.430642848","21.5131285988159"
"219","4.447353151","21.5160018040349"
"220","4.464059333","21.5136441508064"
"221","4.499488","21.4978097617361"
"222","4.516200182","21.4901518204225"
"223","4.532910454","21.4872830468825"
"224","4.549618727","21.4809354053269"
"225","4.56632697","21.4758389744758"
"226","4.601752","21.479656127322"
"227","4.618457818","21.4755021668718"
"228","4.63516403","21.4686685178523"
"229","4.651870242","21.4636695839393"
"230","4.668580515","21.4605009334536"
"231","4.704007","21.4566645766652"
"232","4.720714061","21.452803107029"
"233","4.737426667","21.4503656835785"
"234","4.75413697","21.4504572716112"
"235","4.770847273","21.449437985441"
"236","4.806272","21.4478647393957"
"237","4.822983879","21.4387458212381"
"238","4.839694151","21.4324188608511"
"239","4.856400364","21.430359607342"
"240","4.873110636","21.4275100377444"
"241","4.908532","21.4284805754456"
"242","4.925242515","21.4304113102637"
"243","4.941952788","21.4195743778801"
"244","4.95865903","21.4026424096439"
"245","4.975367273","21.3938425723744"
"246","5.010788","21.3795326808804"
"247","5.027496182","21.3737375219735"
"248","5.044208515","21.3733091263368"
"249","5.060918788","21.3698863929217"
"250","5.077629061","21.3675346485986"
"251","5.113055","21.3702708184119"
"252","5.129766364","21.3756789437905"
"253","5.146472576","21.3899415634382"
"254","5.163182848","21.3881112800883"
"255","5.179895151","21.3884185431527"
"256","5.215321","21.4012497305437"
"257","5.232031","21.4028997922885"
"258","5.248737212","21.405849813152"
"259","5.265447485","21.4104897808696"
"260","5.282153697","21.4152804256668"
"261","5.317582","21.4150677050838"
"262","5.334289879","21.4056695915469"
"263","5.350998121","21.3926094340839"
"264","5.367708394","21.3912297047466"
"265","5.384416667","21.3842749234622"
"266","5.419846","21.365313247046"
"267","5.436556333","21.3642319174155"
"268","5.453266606","21.3605683962631"
"269","5.469972818","21.353424530016"
"270","5.486681091","21.3510373323618"
"271","5.522105","21.3387601048225"
"272","5.538813242","21.337417306142"
"273","5.555519454","21.3360301906734"
"274","5.572227727","21.3342397924328"
"275","5.588936","21.3292556309941"
"276","5.624361","21.3198102462165"
"277","5.641069151","21.3164081941141"
"278","5.657777424","21.311335399099"
"279","5.674489727","21.3110237043558"
"280","5.691195939","21.3055963750357"
"281","5.726621","21.3064487345941"
"282","5.743333454","21.2986105719995"
"283","5.760041727","21.2997022422139"
"284","5.77675","21.3016772937384"
"285","5.793458242","21.2957048679242"
"286","5.828885","21.2783799582165"
"287","5.845594727","21.2737990795497"
"288","5.86230503","21.2661485246915"
"289","5.879013273","21.2625263658747"
"290","5.895723545","21.2581567305647"
"291","5.931146","21.2584384357954"
"292","5.947858485","21.2576097117256"
"293","5.964568757","21.2553539868511"
"294","5.98127903","21.2569080291353"
"295","5.997991333","21.2561103268221"
"296","6.033419","21.2529461076465"
"297","6.050129","21.2516564889069"
"298","6.066835242","21.2443885344979"
"299","6.083545515","21.2423824609029"
"300","6.100255818","21.2448523836208"
"301","6.13568","21.2613306904768"
"302","6.15239003","21.2665083693424"
"303","6.169098273","21.2652527268215"
"304","6.185804485","21.2743967588267"
"305","6.202512727","21.2837771470712"
"306","6.237938","21.2836678323105"
"307","6.254648394","21.2826515004818"
"308","6.271354606","21.2783808386843"
"309","6.288064879","21.2785433335987"
"310","6.304773121","21.2849485876819"
"311","6.340197","21.2820753821487"
"312","6.356907061","21.2722533031822"
"313","6.373617364","21.2719445628447"
"314","6.390327636","21.269251578944"
"315","6.407037909","21.2685100112434"
"316","6.442465","21.2660312251845"
"317","6.459171364","21.2631506335189"
"318","6.475879636","21.2584294176402"
"319","6.492591939","21.2550229333423"
"320","6.509304242","21.2684893300725"
"321","6.54473","21.2895398076289"
"322","6.561438151","21.3067613141098"
"323","6.578148424","21.3500041653034"
"324","6.594854636","21.3842787744448"
"325","6.611564939","21.4099987649525"
"326","6.64699","21.5538776711308"
"327","6.663698242","21.7380627022303"
"328","6.680406515","21.9083632815015"
"329","6.697116788","22.0449373026611"
"330","6.713827364","22.2126556900188"
"331","6.749255","22.5063545179179"
"332","6.765967364","22.6950569080882"
"333","6.782677757","22.9508431080173"
"334","6.799386","23.2351663694483"
"335","6.816092212","23.5638921049772"
"336","6.851517","24.1405304231971"
"337","6.868224697","24.3533588765441"
"338","6.884937","24.4915386432324"
"339","6.901645242","24.4996633889752"
"340","6.918355515","24.4655645697058"
"341","6.953784","24.3333350713543"
"342","6.970495788","24.2846855710726"
"343","6.98720403","24.2476603661092"
"344","7.003912273","24.1727088480183"
"345","7.020620515","24.0992596692765"
"346","7.056046","23.938679239962"
"347","7.072753848","23.8792459862398"
"348","7.089462151","23.8083996805888"
"349","7.106172424","23.6428247484821"
"350","7.122878636","23.4773002129469"
"351","7.158305","22.9741287965416"
"352","7.175015606","22.8013656790407"
"353","7.191721818","22.6453720368746"
"354","7.208432091","22.4317650836153"
"355","7.225142394","22.3381517624881"
"356","7.260566","22.0086165044507"
"357","7.277275848","21.8855901262949"
"358","7.293984091","21.6057502452601"
"359","7.310692333","21.3780889589905"
"360","7.327400576","21.2967499129299"
"361","7.362824","20.7532989612927"
"362","7.379532454","20.565314501839"
"363","7.396240727","20.3635903586214"
"364","7.412951061","20.2492840485505"
"365","7.429659333","20.1926811603898"
"366","7.465085","19.9989635848531"
"367","7.481795333","19.9051818599039"
"368","7.498505606","19.8208883608245"
"369","7.515215879","19.647232998512"
"370","7.531924151","19.5153728058299"
"371","7.567349","19.2741650389258"
"372","7.584060697","19.174023840973"
"373","7.600766909","19.1386974416834"
"374","7.617477182","19.0743021754028"
"375","7.634185424","19.022602195377"
"376","7.669612","18.8636821470548"
"377","7.68632203","18.8008143331814"
"378","7.703030273","18.742276270764"
"379","7.719738848","18.6698315961984"
"380","7.736449424","18.5957442455431"
"381","7.771874","18.5157790098508"
"382","7.788584","18.4871178574289"
"383","7.805294273","18.4449016728132"
"384","7.822000515","18.4078735083659"
"385","7.838708757","18.3804960659458"
"386","7.874138","18.3526828416494"
"387","7.890846151","18.3202060126629"
"388","7.907554394","18.2855975455492"
"389","7.924264667","18.2521693825683"
"390","7.940972939","18.2209659229967"
"391","7.976403","18.1626834207983"
"392","7.99311497","18.1546162857929"
"393","8.009825242","18.1490944123905"
"394","8.026537576","18.1309969080961"
"395","8.043243788","18.104012407978"
"396","8.078671","18.0538339714525"
"397","8.095376909","18.0319045410999"
"398","8.112083121","18.0198695751798"
"399","8.128791757","18.0154290974587"
"400","8.145500424","18.0304377207792"
"401","8.180925","18.0197972568247"
"402","8.19763097","18.0156196597037"
"403","8.214343273","17.9961453800547"
"404","8.231051515","17.9911021280847"
"405","8.247759757","18.0005297889145"
"406","8.28318","18.001362944776"
"407","8.299888242","17.9782724141538"
"408","8.316596606","17.9567521755188"
"409","8.333304848","17.9525568516773"
"410","8.350013121","17.9723383944808"
"411","8.385443","18.0048602323339"
"412","8.402152727","18.0091028283013"
"413","8.418863","18.0110956075353"
"414","8.435575303","17.9921383533397"
"415","8.452281515","17.9879489375445"
"416","8.487709","17.9692206535351"
"417","8.504416818","17.9491791147155"
"418","8.521125061","17.9292971164128"
"419","8.537835333","17.9023362462869"
"420","8.554543576","17.889673456373"
"421","8.589974","17.9339621993045"
"422","8.606680242","17.9575224928576"
"423","8.623388485","17.9732800733536"
"424","8.640100788","17.9639720659752"
"425","8.65680903","17.9618256551323"
"426","8.692238","17.977160748704"
"427","8.708946667","17.9721943115026"
"428","8.725653212","17.9750512685363"
"429","8.742363515","17.9769480280148"
"430","8.759073818","17.9746819617843"
"431","8.794501","17.9999395891697"
"432","8.811211061","18.0113363955376"
"433","8.827921364","18.0285239317775"
"434","8.844627606","18.0434217661547"
"435","8.861335848","18.0609357695634"
"436","8.896762","18.0613272347206"
"437","8.913472333","18.0521891084481"
"438","8.930182606","18.0455090879173"
"439","8.946888818","18.0707918281618"
"440","8.963599091","18.1108453612609"
"441","8.999025","18.1169034692214"
"442","9.01573503","18.1110063790048"
"443","9.032443273","18.1109310404274"
"444","9.049149485","18.1067268523622"
"445","9.065859788","18.1060635774355"
"446","9.101282","18.1003910257242"
"447","9.11799","18.1022491793166"
"448","9.134697","18.1028902958312"
"449","9.151407273","18.1033644856956"
"450","9.168119606","18.0939885259768"
"451","9.203543","18.0920445137596"
"452","9.220250606","18.0995547379588"
"453","9.236962909","18.0986949916009"
"454","9.253673182","18.0965500573882"
"455","9.270385485","18.0940062717723"
"456","9.30581","18.0893958449969"
"457","9.322516","18.0958203070431"
"458","9.339222212","18.0994631498588"
"459","9.355932515","18.1154112970767"
"460","9.372642818","18.1344350317813"
"461","9.408068","18.1538369367052"
"462","9.424777667","18.1524069805634"
"463","9.441487939","18.1631168793527"
"464","9.458200242","18.190850346921"
"465","9.474908545","18.2048411678084"
"466","9.510337","18.2116438000739"
"467","9.527044606","18.2042591402052"
"468","9.543754879","18.1966721001802"
"469","9.560465151","18.1915904378581"
"470","9.577173394","18.1866830883714"
"471","9.6126","18.1633473268301"
"472","9.629309606","18.1635984554914"
"473","9.646017909","18.1598581156659"
"474","9.662726151","18.1467240866817"
"475","9.679436424","18.1415508362596"
"476","9.714866","18.1497199038879"
"477","9.731574606","18.150083301833"
"478","9.748284","18.1470860073994"
"479","9.764994303","18.1488025456606"
"480","9.781700545","18.1559286907308"
"481","9.817128","18.1484524427622"
"482","9.833836454","18.1407871096839"
"483","9.850548788","18.1400913355695"
"484","9.867255","18.1390646625131"
"485","9.883963242","18.1399111138243"
"486","9.919388","18.1339002754555"
"487","9.936098545","18.1350569445248"
"488","9.952808818","18.1335191507814"
"489","9.969519091","18.1285083953754"
"490","9.986227364","18.1318942006202"
"491","10.021654","18.1241622708554"
"492","10.038360151","18.1178382584458"
"493","10.055068394","18.1131052204265"
"494","10.071778667","18.1140284878304"
"495","10.088486909","18.121937565719"
"496","10.12391","18.1127195979549"
"497","10.140620515","18.1030023932177"
"498","10.157332848","18.091666146767"
"499","10.174039061","18.0900825585216"
"500","10.190749333","18.0921876081948"
"501","10.226175","18.0783282565919"
"502","10.242885515","18.0735051076915"
"503","10.259591727","18.0759484425403"
"504","10.27629997","18.0834217381872"
"505","10.293008212","18.1068121638193"
"506","10.328434","18.2000887613745"
"507","10.345143848","18.2504031416341"
"508","10.361854121","18.2860988751806"
"509","10.378562364","18.3381563842924"
"510","10.395272636","18.3939512798416"
"511","10.430698","18.4493827773419"
"512","10.447403757","18.4553433916797"
"513","10.46411403","18.465737166768"
"514","10.480822303","18.4660193172856"
"515","10.497528515","18.4624961288852"
"516","10.532956","18.4596554197472"
"517","10.549663697","18.4791459638795"
"518","10.566374","18.4829202810129"
"519","10.583084303","18.4775121498875"
"520","10.599792545","18.4742932704223"
"521","10.635218","18.4656455786419"
"522","10.651924394","18.4693061492315"
"523","10.668634697","18.4936937036562"
"524","10.685340909","18.519732798807"
"525","10.702047121","18.5663836540213"
"526","10.737471","18.7400347411697"
"527","10.754179848","18.7997280409909"
"528","10.770888091","18.892031145399"
"529","10.787596485","19.0454722784567"
"530","10.804304757","19.2152914365859"
"531","10.839732","19.6203114414205"
"532","10.85644003","19.8008685885791"
"533","10.873150333","20.0035649518231"
"534","10.889860606","20.2966233520286"
"535","10.906570879","20.6485315614292"
"536","10.941995","21.1515454232869"
"537","10.958703424","21.3757044321907"
"538","10.975409636","21.6487419612675"
"539","10.992115848","21.8739054852136"
"540","11.008824091","21.9538368152439"
"541","11.044253","21.8494440667071"
"542","11.060963394","21.8010382594951"
"543","11.077673667","21.7233656110819"
"544","11.094381909","21.6378193374112"
"545","11.111090151","21.5646566660921"
"546","11.14652","21.4693814469538"
"547","11.163230182","21.376286537849"
"548","11.179940454","21.4137268817281"
"549","11.196650727","21.6303786187039"
"550","11.213360152","21.7343976289327"
"551","11.248787818","21.6874912079742"
"552","11.265497909","21.6615629019664"
"553","11.282204121","21.6750765837895"
"554","11.298914394","21.7305996757224"
"555","11.315622637","21.7817191509616"
"556","11.351049818","21.8553678305606"
"557","11.367758121","21.8986964052821"
"558","11.384470455","21.940033676648"
"559","11.401178728","21.9676046602014"
"560","11.41788697","21.9681822563528"
"561","11.453312818","21.9218327503535"
"562","11.470021273","21.8935704240921"
"563","11.486729515","21.8775912487226"
"564","11.503437788","21.8865491593671"
"565","11.520144","21.8953696878067"
"566","11.555567818","21.9157022541177"
"567","11.572279728","21.9070043356028"
"568","11.588992061","21.909096090463"
"569","11.605700303","21.9040247667093"
"570","11.622406546","21.8957508126329"
"571","11.657828818","21.8825478944051"
"572","11.674536758","21.8821948368323"
"573","11.691245","21.8701923565859"
"574","11.707955667","21.8577348900113"
"575","11.724666243","21.8342262782401"
"576","11.760091818","21.8153546862218"
"577","11.776801455","21.8216447244851"
"578","11.793509728","21.8188069688478"
"579","11.81022","21.8009044386193"
"580","11.826928243","21.7812233254718"
"581","11.862355818","21.7461598336405"
"582","11.879065485","21.730245652755"
"583","11.895775788","21.7146608937889"
"584","11.912484031","21.7146549848755"
"585","11.929192303","21.7172726334905"
"586","11.964619818","21.7127789048862"
"587","11.98132794","21.7132974120329"
"588","11.998038212","21.7126858395009"
"589","12.014744424","21.7125085721004"
"590","12.031454697","21.7040440537235"
"591","12.066879818","21.7022994470563"
"592","12.083590212","21.7042892736276"
"593","12.100302697","21.6987969386668"
"594","12.11701094","21.6946606203422"
"595","12.133719909","21.6832327819607"
"596","12.169144818","21.6845637646884"
"597","12.185855152","21.681786575423"
"598","12.202563394","21.6773740943933"
"599","12.219273667","21.6709141748945"
"600","12.23598394","21.6618100166803"
"601","12.271409818","21.6534223142073"
"602","12.288118121","21.6462341211406"
"603","12.304826364","21.6464305925088"
"604","12.321538697","21.657976609157"
"605","12.33824694","21.6645502752374"
"606","12.373670818","21.652035196803"
"607","12.390381212","21.6404684989581"
"608","12.407089455","21.6310068514874"
"609","12.423795667","21.6287333970834"
"610","12.440501879","21.6311058257857"
"611","12.475923818","21.625363845297"
"612","12.492632364","21.6234656072696"
"613","12.509340606","21.6278500200831"
"614","12.526050879","21.620397404637"
"615","12.542757091","21.6031906524632"
"616","12.578184818","21.59337299493"
"617","12.594894667","21.5899251446919"
"618","12.61160294","21.5883784869372"
"619","12.628311182","21.5879249779299"
"620","12.645019424","21.5890328989576"
"621","12.680444818","21.6054109262027"
"622","12.697153334","21.6024520384448"
"623","12.713863909","21.6016956976899"
"624","12.730574515","21.6092886497995"
"625","12.747284334","21.61083087587"
"626","12.782713818","21.6235483320397"
"627","12.799421697","21.6141590706372"
"628","12.81613197","21.6071511008301"
"629","12.832838182","21.5987131742834"
"630","12.849548455","21.5985492019713"
"631","12.884974818","21.6008049291836"
"632","12.901682637","21.5959389400301"
"633","12.918390879","21.5943228525577"
"634","12.935099152","21.5895750416471"
"635","12.951809424","21.589572087191"
"636","12.987236818","21.5929697116759"
"637","13.003947364","21.5886680236325"
"638","13.020655606","21.5819879984496"
"639","13.037363849","21.5787233244881"
"640","13.054076152","21.5764070309262"
"641","13.089502818","21.5625639269925"
"642","13.106210758","21.5536769231225"
"643","13.122921031","21.5524022322524"
"644","13.13962797","21.5446778067915"
"645","13.156334182","21.5369282684538"
"646","13.191759818","21.5401944196671"
"647","13.20846597","21.5372547358524"
"648","13.225174212","21.5281298982023"
"649","13.241880455","21.5215458927942"
"650","13.258590758","21.5133620494105"
"651","13.294011818","21.5055282862826"
"652","13.310720364","21.50013788129"
"653","13.327426606","21.4946780465811"
"654","13.344136879","21.4890808296676"
"655","13.360847182","21.4855827537502"
"656","13.396274818","21.4875371264017"
"657","13.412984788","21.4852311734849"
"658","13.429695061","21.4875533759098"
"659","13.446405334","21.4843861990656"
"660","13.463113576","21.4740057178699"
"661","13.498537818","21.4697320972495"
"662","13.515248182","21.4653181399686"
"663","13.531954394","21.4592186655332"
"664","13.548666728","21.4598021705955"
"665","13.56537497","21.465425977613"
"666","13.600801818","21.4599203488359"
"667","13.617511637","21.4587681109915"
"668","13.634221909","21.4557885421041"
"669","13.650932182","21.4523953493751"
"670","13.667642424","21.4556275242515"
"671","13.703067818","21.4681248731794"
"672","13.719777303","21.465157122116"
"673","13.736487879","21.4711354638549"
"674","13.753196788","21.4687261049777"
"675","13.769903031","21.4648380408668"
"676","13.805329818","21.4668529798665"
"677","13.822036212","21.4653181399686"
"678","13.838742424","21.4666446907177"
"679","13.855450667","21.4649532646512"
"680","13.872156879","21.4585893664028"
"681","13.907580818","21.4345548667508"
"682","13.924290758","21.4303728342668"
"683","13.941001031","21.4267137404968"
"684","13.957707273","21.427549851548"
"685","13.974413515","21.4242364291313"
"686","14.009837818","21.421552305845"
"687","14.026546243","21.4187322775822"
"688","14.043256515","21.4154956710218"
"689","14.059964818","21.4123521298258"
"690","14.076671031","21.4154705581457"
"691","14.112093818","21.4357081954095"
"692","14.128803515","21.4271475821708"
"693","14.145510455","21.4219403541166"
"694","14.162218697","21.4282259584771"
"695","14.178924909","21.4266778237251"
"696","14.214351818","21.4309780338999"
"697","14.231059455","21.433573523174"
"698","14.247765758","21.4319500498033"
"699","14.264476031","21.4360567431341"
"700","14.281186303","21.4367052461457"
"701","14.316612818","21.4343165687659"
"702","14.333319152","21.4357480025204"
"703","14.350029455","21.426533055399"
"704","14.366737697","21.4507389104055"
"705","14.38344597","21.5211760871671"
"706","14.418874818","21.6011783140426"
"707","14.435582606","21.5999271020818"
"708","14.452288818","21.6162681961914"
"709","14.468997061","21.6836031945377"
"710","14.485705303","21.8314781306849"
"711","14.521130818","22.0467131780512"
"712","14.537838606","22.1043486985523"
"713","14.554548879","22.1779102121465"
"714","14.571257121","22.2181277394594"
"715","14.587967424","22.2722976835022"
"716","14.623390818","22.2523876069871"
"717","14.640098546","22.2123000757221"
"718","14.656806818","22.1921019397827"
"719","14.673513031","22.193252700252"
"720","14.690219243","22.1455825586032"
"721","14.725641818","21.8614924454671"
"722","14.742352031","21.7164833312845"
"723","14.759060303","21.6190320894367"
"724","14.775768576","21.506112795119"
"725","14.792478849","21.338655727032"
"726","14.827900818","21.0782529619386"
"727","14.844610818","20.9567952908396"
"728","14.861319061","20.7940594428553"
"729","14.878031424","20.637355116047"
"730","14.894741758","20.4383607112987"
"731","14.930163818","19.9262703620232"
"732","14.946872212","19.7831639316561"
"733","14.963582485","19.6324305748374"
"734","14.980290758","19.4842129367379"
"735","14.996999","19.377976631744"
"736","15.032424818","19.0242751477555"
"737","15.049131212","18.8826946935697"
"738","15.065841485","18.7447423105373"
"739","15.082553849","18.6643973748858"
"740","15.099264152","18.5820212511903"
"741","15.134695818","18.2735552996008"
"742","15.151408364","18.2141367715292"
"743","15.168120697","18.1516337921086"
"744","15.18483097","18.1101768751258"
"745","15.201537182","18.0628627504806"
"746","15.236962818","17.8934424648861"
"747","15.253674576","17.8216890858736"
"748","15.270382849","17.7766764819189"
"749","15.287089091","17.7210352249679"
"750","15.303795303","17.6687590926208"
"751","15.339223818","17.6150190276651"
"752","15.355933667","17.610856200126"
"753","15.37264394","17.5984711234447"
"754","15.389350182","17.581686862799"
"755","15.406058424","17.586204224976"
"756","15.441483818","17.49796793976"
"757","15.458190273","17.4393781364044"
"758","15.474898515","17.3958604868392"
"759","15.491604758","17.368961648422"
"760","15.508317061","17.3644767852535"
"761","15.543741818","17.3523369283634"
"762","15.560454","17.3269167948315"
"763","15.577164273","17.3180785417561"
"764","15.593872515","17.3562766945262"
"765","15.610580758","17.4139373216852"
"766","15.646003818","17.4508872170847"
"767","15.66271394","17.4094967753465"
"768","15.679422182","17.3515658155261"
"769","15.696134485","17.3028601424275"
"770","15.712843061","17.2743998743762"
"771","15.748264818","17.2598294841395"
"772","15.764972637","17.2492554894966"
"773","15.781680879","17.2380950355252"
"774","15.798393182","17.2255903045036"
"775","15.815103485","17.2169189789163"
"776","15.850526818","17.277404060036"
"777","15.867232697","17.2894449416139"
"778","15.88394297","17.2824709504558"
"779","15.900651212","17.276362614629"
"780","15.917359455","17.2661549724129"
"781","15.952785818","17.2766491967693"
"782","15.969491606","17.3137556750364"
"783","15.986203909","17.3390812637705"
"784","16.002910152","17.3377813035461"
"785","16.019620455","17.3210236344724"
"786","16.055047818","17.2881375952519"
"787","16.071756121","17.2930552856914"
"788","16.088464364","17.3260137090609"
"789","16.105172606","17.3674026699306"
"790","16.12188494","17.3654988402992"
"791","16.157313818","17.3505227073525"
"792","16.174021606","17.3599784409283"
"793","16.190729879","17.3890222118757"
"794","16.207436121","17.4145634762916"
"795","16.224146394","17.4022862380869"
"796","16.259569818","17.365658380875"
"797","16.276278273","17.3404701738447"
"798","16.292988576","17.3244333915139"
"799","16.30969694","17.3037994770338"
"800","16.326407212","17.2946746424301"
"801","16.361834818","17.3088929576414"
"802","16.378542606","17.3121827434051"
"803","16.395252909","17.316157962754"
"804","16.411961152","17.3144680144318"
"805","16.428673485","17.3173175863842"
"806","16.464096818","17.329879929507"
"807","16.480807212","17.352178679441"
"808","16.497517485","17.3581895183599"
"809","16.514225849","17.3601025280429"
"810","16.530936121","17.355735843392"
"811","16.566366818","17.3252221280407"
"812","16.583074788","17.3288856526955"
"813","16.599781","17.3404922306038"
"814","16.616491273","17.3433964602293"
"815","16.633199515","17.3379218544347"
"816","16.668621818","17.3477291690246"
"817","16.685332334","17.3468886264728"
"818","16.702042637","17.342282630556"
"819","16.718751182","17.355864261877"
"820","16.735459758","17.397420153838"
"821","16.770884818","17.4836740010425"
"822","16.787592485","17.4977239135391"
"823","16.804302758","17.5022663886655"
"824","16.821011152","17.4919834067615"
"825","16.837719394","17.4883789712141"
"826","16.873148818","17.5181007922035"
"827","16.889856758","17.5476911399292"
"828","16.906567031","17.5760051629365"
"829","16.923275334","17.5810203509215"
"830","16.939985606","17.5724686798625"
"831","16.975409818","17.5855938478292"
"832","16.992116334","17.6081673640589"
"833","17.008826606","17.610299003606"
"834","17.025534879","17.6114881718911"
"835","17.042243121","17.5815654479367"
"836","17.077667818","17.5326544393402"
"837","17.094373515","17.5264663325745"
"838","17.111081788","17.531255504724"
"839","17.127790061","17.5244628923036"
"840","17.144497031","17.5070094475408"
"841","17.179918818","17.4695735442671"
"842","17.196625121","17.4609997149481"
"843","17.213333364","17.4568856359245"
"844","17.230041637","17.4530079133259"
"845","17.246749879","17.4481655610676"
"846","17.282173818","17.4381337080515"
"847","17.298884334","17.4471580918057"
"848","17.315594606","17.4476175096069"
"849","17.332306909","17.445014634476"
"850","17.349013182","17.4550051251176"
"851","17.384438818","17.4807602385627"
"852","17.401149152","17.4680841472296"
"853","17.417855455","17.4652227570755"
"854","17.434565728","17.4648047016219"
"855","17.45127397","17.4698878423138"
"856","17.486696818","17.4697637551827"
"857","17.503406485","17.464323125375"
"858","17.520114758","17.4708214502525"
"859","17.536823","17.4785768959464"
"860","17.553533303","17.4959106863791"
"861","17.588961818","17.4940626744623"
"862","17.605672121","17.486316092135"
"863","17.622380364","17.4919118308566"
"864","17.639086667","17.5228287304616"
"865","17.655792909","17.5158192847821"
"866","17.691220818","17.4893724763522"
"867","17.707930546","17.4819095217531"
"868","17.724641121","17.4854327099398"
"869","17.741353455","17.4879558149388"
"870","17.758063728","17.5118337243094"
"871","17.793490818","17.5635824896619"
"872","17.810201061","17.5664246758553"
"873","17.826909303","17.5634170401538"
"874","17.843617546","17.5635204460964"
"875","17.860325849","17.5762984661443"
"876","17.895751818","17.5840361851052"
"877","17.912462091","17.5741180779836"
"878","17.929172394","17.5593236420552"
"879","17.945880637","17.5476727467814"
"880","17.96259094","17.5430992496637"
"881","17.998015818","17.5525993013317"
"882","18.014725576","17.541090219922"
"883","18.031433818","17.526406576075"
"884","18.048142061","17.5196541680243"
"885","18.064850334","17.5218788730176"
"886","18.100273818","17.5336021524512"
"887","18.116982","17.529411257321"
"888","18.133689152","17.5237905335524"
"889","18.150397243","17.5185729650973"
"890","18.167107515","17.5184739908373"
"891","18.202534818","17.4994961867233"
"892","18.219242788","17.4972375051636"
"893","18.235951031","17.5026973397253"
"894","18.252661334","17.4987531410565"
"895","18.269369576","17.4904821416758"
"896","18.304794818","17.4824681799612"
"897","18.321501152","17.4758413353065"
"898","18.338211424","17.4753612362176"
"899","18.354919667","17.4736786735645"
"900","18.37162594","17.4668642209582"
"901","18.407049818","17.449624970597"
"902","18.423757818","17.4401382126004"
"903","18.440466061","17.4347611028048"
"904","18.457178364","17.435099388009"
"905","18.473888697","17.4418828188281"
"906","18.509317818","17.4768739176546"
"907","18.526026091","17.4711186374998"
"908","18.542732394","17.4648581453806"
"909","18.559442667","17.4638728343274"
"910","18.576148879","17.4775120801359"
"911","18.611572818","17.5101366597612"
"912","18.628280728","17.501326472173"
"913","18.644993031","17.4893417216862"
"914","18.661701273","17.481051518342"
"915","18.678409515","17.4866383945087"
"916","18.713835818","17.495444150413"
"917","18.730544424","17.4873814401756"
"918","18.747251637","17.4773008365368"
"919","18.76395994","17.4760717828692"
"920","18.780668212","17.4724422337572"
"921","18.816094818","17.4583317522276"
"922","18.832802849","17.4473662890372"
"923","18.849511091","17.4368572892883"
"924","18.866221364","17.4336886353016"
"925","18.882929606","17.4393434639548"
"926","18.918351818","17.4599759069535"
"927","18.935062091","17.4773687890232"
"928","18.951772364","17.4677431715979"
"929","18.968480606","17.4555176329527"
"930","18.985186849","17.4392784659243"
"931","19.020614818","17.4129045654435"
"932","19.037322546","17.4026452184255"
"933","19.054028758","17.3937848061269"
"934","19.070739061","17.3899809445616"
"935","19.087449334","17.380913720372"
"936","19.122875818","17.3607762143865"
"937","19.13958494","17.3534063249037"
"938","19.156295273","17.3503307366289"
"939","19.173005546","17.353097584294"
"940","19.189711758","17.3621781035666"
"941","19.225135818","17.4077904662767"
"942","19.241846061","17.4232230650794"
"943","19.258554334","17.4462116840675"
"944","19.275262606","17.4752244380146"
"945","19.291968818","17.5247160009215"
"946","19.327393818","17.5963349590104"
"947","19.344102152","17.5853207485506"
"948","19.360808334","17.5688112506834"
"949","19.377516576","17.5577970402236"
"950","19.39422497","17.5668657416738"
"951","19.429649818","17.5398590630759"
"952","19.446356091","17.5193433234212"
"953","19.463066394","17.4980476074894"
"954","19.479774637","17.4904177259141"
"955","19.496482909","17.4912833814036"
"956","19.531907818","17.485073115742"
"957","19.548614121","17.4692756416732"
"958","19.565322394","17.4585155143947"
"959","19.582032667","17.4586115342015"
"960","19.598738879","17.4737383468501"
"961","19.634161818","17.5316944250379"
"962","19.650869728","17.5554526797086"
"963","19.66757797","17.5708970963337"
"964","19.684290273","17.5910952320119"
"965","19.700998515","17.6066607813165"
"966","19.736422818","17.6282105804295"
"967","19.753131697","17.6550931718924"
"968","19.769842","17.6862198388181"
"969","19.786554303","17.7016376653428"
"970","19.803264576","17.7116517925836"
"971","19.838687818","17.7095915574186"
"972","19.855398212","17.7022778027213"
"973","19.872106485","17.694653830192"
"974","19.888814728","17.690702245903"
"975","19.905525","17.6931913746981"
"976","19.940949818","17.7118059218482"
"977","19.957660273","17.7153867219666"
"978","19.974366515","17.7170870111318"
"979","19.991076788","17.7027091532307"
"980","20.007787091","17.6602713538077"
"981","20.043212818","17.6378824897012"
"982","20.05992097","17.6705705858314"
"983","20.076631273","17.7304529680093"
"984","20.093337515","17.7964126652397"
"985","20.110045879","17.851505874982"
"986","20.145470818","18.1019611123084"
"987","20.162178788","18.133405382883"
"988","20.178887031","18.1289574500304"
"989","20.195597303","18.1371752681834"
"990","20.212305546","18.1719905725572"
"991","20.247730818","18.5166233824897"
"992","20.264440728","18.7509959107496"
"993","20.281151031","18.9791094248958"
"994","20.297861303","19.3097203887184"
"995","20.314567515","19.6436240932679"
"996","20.349990818","20.3964843691617"
"997","20.366700667","20.7109905957015"
"998","20.383408909","20.954784882757"
"999","20.400115121","21.0938717873738"
"1000","20.416825424","21.1855337712669"
"1001","20.452249818","21.2773892719995"
"1002","20.468956273","21.2842184960372"
"1003","20.485664515","21.2262890085534"
"1004","20.502370728","21.1471997103156"
"1005","20.51907694","21.0378538326404"
"1006","20.554501818","20.8459383080722"
"1007","20.571209424","20.7539336073336"
"1008","20.587915637","20.6656648156565"
"1009","20.60462594","20.6022237913169"
"1010","20.621336212","20.5755317625181"
"1011","20.656759818","20.5033638445802"
"1012","20.673467849","20.442556726377"
"1013","20.690178243","20.3809031567799"
"1014","20.706888546","20.3546572546563"
"1015","20.723595091","20.336308611088"
"1016","20.759022818","20.3834558060099"
"1017","20.775730788","20.429017935756"
"1018","20.792441061","20.4777516730814"
"1019","20.809151334","20.5004625696451"
"1020","20.825861637","20.5035086128814"
"1021","20.861289818","20.5102211349307"
"1022","20.877999576","20.5125064059717"
"1023","20.894709879","20.5063936383133"
"1024","20.911418121","20.4967990452873"
"1025","20.928124334","20.4825777755319"
"1026","20.963551818","20.4677626602959"
"1027","20.98026","20.4614622847368"
"1028","20.996970273","20.4639351636784"
"1029","21.013678515","20.464599916082"
"1030","21.030388788","20.4727527350059"
"1031","21.065814818","20.5136955741605"
"1032","21.082524546","20.5284752359349"
"1033","21.099234818","20.5403536227744"
"1034","21.115943061","20.5585574980414"
"1035","21.132651303","20.5674075683753"
"1036","21.168079818","20.584129784396"
"1037","21.184791637","20.5941778862841"
"1038","21.201499849","20.6011696043429"
"1039","21.218212152","20.602100257708"
"1040","21.234920394","20.6027221705123"
"1041","21.270342818","20.6275100490306"
"1042","21.287052879","20.6271289243192"
"1043","21.303763152","20.6317083297665"
"1044","21.320473424","20.6257831700087"
"1045","21.337179637","20.6346819888522"
"1046","21.372604818","20.6472014924542"
"1047","21.38931494","20.6453712075029"
"1048","21.406025212","20.6494985813157"
"1049","21.422735485","20.6564193924515"
"1050","21.439441728","20.6572525487974"
"1051","21.474863818","20.6669940234827"
"1052","21.491569909","20.6749592354012"
"1053","21.508276243","20.6753344512445"
"1054","21.524982485","20.6921718929074"
"1055","21.541692758","20.7023972632523"
"1056","21.577119818","20.6942503523231"
"1057","21.593828061","20.7053502414839"
"1058","21.610536303","20.7132297741941"
"1059","21.627244576","20.7199378653146"
"1060","21.643950788","20.7154101623231"
"1061","21.679374818","20.6916592948852"
"1062","21.696082667","20.6822242413758"
"1063","21.712791273","20.6724184037061"
"1064","21.729499818","20.6648047719873"
"1065","21.746207152","20.6599904868163"
"1066","21.781636818","20.6643778531735"
"1067","21.798344818","20.6661150729836"
"1068","21.815055091","20.6663026809052"
"1069","21.831763364","20.6719205779612"
"1070","21.848469576","20.6803230492877"
"1071","21.883895818","20.6802920275053"
"1072","21.900603424","20.6724036314288"
"1073","21.917311667","20.6690237343833"
"1074","21.934019909","20.6626169977197"
"1075","21.950728152","20.6624810927686"
"1076","21.986152818","20.6503294174642"
"1077","22.002864606","20.6428945303007"
"1078","22.019572849","20.6346604629354"
"1079","22.036283121","20.6301563955876"
"1080","22.052993424","20.6313322688605"
"1081","22.088419818","20.6240037420935"
"1082","22.105128091","20.6181583519671"
"1083","22.121834303","20.6083141813214"
"1084","22.138541243","20.6073569377491"
"1085","22.155249485","20.6069078605177"
"1086","22.190673818","20.6191939635899"
"1087","22.207383909","20.6139040110708"
"1088","22.224094212","20.6150592031596"
"1089","22.240804485","20.6105226367853"
"1090","22.257514758","20.6072210327975"
"1091","22.292942818","20.6018222577814"
"1092","22.309652576","20.6028504080564"
"1093","22.326360818","20.603244827774"
"1094","22.343071091","20.6079365020174"
"1095","22.359777303","20.6041311642179"
"1096","22.395204818","20.6011176203084"
"1097","22.411915364","20.5984364525653"
"1098","22.428625637","20.5947699741421"
"1099","22.445331849","20.588892086291"
"1100","22.462042121","20.5817688957362"
"1101","22.497469818","20.5665490217656"
"1102","22.514178","20.5613875892068"
"1103","22.530888273","20.5597951380625"
"1104","22.547598576","20.5577565642413"
"1105","22.564306818","20.558046100813"
"1106","22.599732818","20.5474824476281"
"1107","22.616440455","20.5437790385197"
"1108","22.633148728","20.5434437078984"
"1109","22.64985697","20.5410698034559"
"1110","22.666563152","20.5400283581342"
"1111","22.701988818","20.5272163648364"
"1112","22.718698","20.5306317146006"
"1113","22.735406576","20.5349777176309"
"1114","22.752119","20.5332626566118"
"1115","22.768827273","20.5302550216119"
"1116","22.804252818","20.5352480502463"
"1117","22.820962728","20.5353617967566"
"1118","22.83766894","20.5303466097111"
"1119","22.854379212","20.5278338458924"
"1120","22.871085455","20.5239147615826"
"1121","22.906511818","20.51671623243"
"1122","22.923222091","20.5145801616"
"1123","22.939928303","20.5161282959222"
"1124","22.956636576","20.5150085575479"
"1125","22.973344818","20.517864038125"
"1126","23.008769818","20.5107127802494"
"1127","23.025480121","20.5130733896452"
"1128","23.042186334","20.5135815558731"
"1129","23.058894576","20.5205791820984"
"1130","23.075607","20.5179305133583"
"1131","23.111038818","20.4965751666287"
"1132","23.127748667","20.4962856300616"
"1133","23.144459697","20.5014810387686"
"1134","23.16116794","20.508982399421"
"1135","23.177876212","20.5102646327897"
"1136","23.213303818","20.4951629372503"
"1137","23.230013818","20.4953992936316"
"1138","23.246722061","20.4969400417924"
"1139","23.263430303","20.4948010165414"
"1140","23.280140576","20.4952028223897"
"1141","23.315567818","20.4950550996513"
"1142","23.332276061","20.4946252264828"
"1143","23.348984303","20.5004839102849"
"1144","23.365694576","20.5059924911972"
"1145","23.382402818","20.5033822304109"
"1146","23.417829818","20.4866422897035"
"1147","23.434537788","20.4833864805508"
"1148","23.451248212","20.4786903746993"
"1149","23.467956485","20.4743724390579"
"1150","23.484666758","20.4776888145334"
"1151","23.520093818","20.4756206961968"
"1152","23.536799909","20.4716794535382"
"1153","23.553510243","20.4809653048695"
"1154","23.570218485","20.4874045390333"
"1155","23.586926728","20.493350379251"
"1156","23.622349818","20.488451893248"
"1157","23.639055849","20.4920120112418"
"1158","23.655764091","20.4974821842421"
"1159","23.672470303","20.4957375787024"
"1160","23.689178546","20.4981646632932"
"1161","23.724604818","20.4898537820348"
"1162","23.741314576","20.4832106904921"
"1163","23.758020818","20.4816728967861"
"1164","23.774727061","20.4840689596018"
"1165","23.791435303","20.4797628417796"
"1166","23.826855818","20.4781290282936"
"1167","23.843566334","20.477795174905"
"1168","23.860276606","20.4770994008075"
"1169","23.876982818","20.4719025148731"
"1170","23.893691061","20.4700131410499"
"1171","23.929117818","20.468335568367"
"1172","23.945827637","20.468737374154"
"1173","23.96253794","20.4609065929884"
"1174","23.979246182","20.459698221173"
"1175","23.995958485","20.4583495127776"
"1176","24.031382818","20.4486677659827"
"1177","24.048093334","20.4495614884134"
"1178","24.064799546","20.4499056823413"
"1179","24.081505909","20.4531467187264"
"1180","24.098216212","20.4523534477424"
"1181","24.133644818","20.447428372397"
"1182","24.150353637","20.4457339928465"
"1183","24.16706594","20.4450574228081"
"1184","24.183774212","20.4504744147972"
"1185","24.200484515","20.446578966781"
"1186","24.235911818","20.435802594662"
"1187","24.252621879","20.4313147785553"
"1188","24.269328121","20.4290679160477"
"1189","24.286034364","20.4227453838106"
"1190","24.302742606","20.4196136622352"
"1191","24.338165818","20.4095463591521"
"1192","24.354873728","20.4063274811744"
"1193","24.371584","20.4088018366644"
"1194","24.388292243","20.4106158716146"
"1195","24.405000485","20.4112880099716"
"1196","24.440423818","20.4080425419051"
"1197","24.457132182","20.4084990050969"
"1198","24.473842455","20.4073113144617"
"1199","24.490550697","20.4064840672532"
"1200","24.50725894","20.4080484508137"
"1201","24.542682818","20.4184274488272"
"1202","24.559393121","20.4186948269428"
"1203","24.576101364","20.4168615880395"
"1204","24.592811637","20.4058577229381"
"1205","24.609521909","20.3961035920125"
"1206","24.644948818","20.3946160242642"
"1207","24.661660667","20.3906422832086"
"1208","24.678368909","20.3882388346222"
"1209","24.695081334","20.3858826573049"
"1210","24.711791909","20.3864779798496"
"1211","24.747219818","20.3853724617229"
"1212","24.763927788","20.3833486602279"
"1213","24.780634","20.3772802101977"
"1214","24.797346303","20.3738175892456"
"1215","24.814056576","20.3720434391759"
"1216","24.849480818","20.3647119597455"
"1217","24.866191182","20.3630441700463"
"1218","24.882899424","20.3590778145616"
"1219","24.899605667","20.3551897521274"
"1220","24.91631594","20.3516769054448"
"1221","24.951743818","20.344652689307"
"1222","24.968453576","20.3455478890924"
"1223","24.985159818","20.3438948716669"
"1224","25.001870091","20.3441445230922"
"1225","25.018578334","20.3446541665344"
"1226","25.054007818","20.3360714755227"
"1227","25.070713637","20.3375265444808"
"1228","25.08742597","20.3347360619815"
"1229","25.104136243","20.3327506683981"
"1230","25.120844485","20.3333415593455"
"1231","25.156273818","20.3413169617564"
"1232","25.172985606","20.3445151589863"
"1233","25.189693849","20.3411485578376"
"1234","25.206402091","20.3416508151393"
"1235","25.223112364","20.343733705714"
"1236","25.258537818","20.3412475320706"
"1237","25.275247515","20.3391661187233"
"1238","25.291955788","20.3335334508076"
"1239","25.308664031","20.3315628295121"
"1240","25.325370212","20.331137388033"
"1241","25.360798818","20.3326737044853"
"1242","25.377504849","20.3379208160606"
"1243","25.394217182","20.3692838300965"
"1244","25.410923394","20.4222911793805"
"1245","25.427629606","20.4790122782424"
"1246","25.463050818","20.7903704429249"
"1247","25.479758515","20.8942712291438"
"1248","25.496464728","20.911268207124"
"1249","25.51317094","21.0318276862582"
"1250","25.529881212","21.2666211569799"
"1251","25.565309818","21.4904219862219"
"1252","25.582019788","21.5711524662942"
"1253","25.598732091","21.6656905913297"
"1254","25.615438303","21.7738546623522"
"1255","25.632150606","21.8704239751297"
"1256","25.667574818","21.9773619473698"
"1257","25.684281121","21.9656726465681"
"1258","25.700989364","21.9522047639181"
"1259","25.71769994","21.8104352456648"
"1260","25.734410515","21.4765124125647"
"1261","25.769839818","20.704482326089"
"1262","25.786548182","20.2302347031805"
"1263","25.803256455","19.67207760673"
"1264","25.819964697","19.3247814335367"
"1265","25.83667497","19.0697469778805"
"1266","25.872101818","18.5713200960913"
"1267","25.888810364","18.3954354871374"
"1268","25.905518697","18.1667281790722"
"1269","25.92222897","18.0233721185389"
"1270","25.938939273","17.94743967322"
"1271","25.974367818","17.8934337149223"
"1272","25.99108","17.826256796692"
"1273","26.007788273","17.7037518015973"
"1274","26.024496515","17.6865302840002"
"1275","26.041206788","17.7285175197751"
"1276","26.076629818","17.6362823923321"
"1277","26.093342121","17.5070530578909"
"1278","26.110050364","17.4357339938943"
"1279","26.126760667","17.377890325369"
"1280","26.143471697","17.3287931935278"
"1281","26.178893818","17.2333731630142"
"1282","26.195603606","17.1971530229367"
"1283","26.212313879","17.1570182300918"
"1284","26.229024152","17.1177018212593"
"1285","26.245734485","17.0857745041789"
"1286","26.281157818","17.0084889179571"
"1287","26.297863394","16.9812872515194"
"1288","26.314575697","16.9728493282712"
"1289","26.331286","16.9640613021151"
"1290","26.347994243","16.9609133303991"
"1291","26.383416818","16.9195114204003"
"1292","26.400126576","16.9037346315678"
"1293","26.416836879","16.900483254019"
"1294","26.433545121","16.9003118956384"
"1295","26.450255394","16.8871113914242"
"1296","26.485677818","16.8656236413907"
"1297","26.502383909","16.8718220876399"
"1298","26.519092152","16.865226267215"
"1299","26.535798364","16.8625229410387"
"1300","26.552504637","16.8491436923068"
"1301","26.587932818","16.8509267058012"
"1302","26.604641273","16.8529534618198"
"1303","26.621351546","16.8498601476049"
"1304","26.638059788","16.8462867344788"
"1305","26.654772091","16.8197187993521"
"1306","26.690201818","16.7518919024189"
"1307","26.706909728","16.7311989007366"
"1308","26.723620334","16.7182377073642"
"1309","26.740328515","16.7093108220725"
"1310","26.757038788","16.7036072470086"
"1311","26.792465818","16.7002908714535"
"1312","26.809178061","16.6982655926623"
"1313","26.825888364","16.7025672789058"
"1314","26.842600667","16.7073549729701"
"1315","26.85931094","16.7288057923182"
"1316","26.894735818","16.7346954980368"
"1317","26.911441364","16.7317543382461"
"1318","26.928147576","16.7348609475077"
"1319","26.944855818","16.7323082985281"
"1320","26.961566091","16.7241554804039"
"1321","26.996995818","16.718660194406"
"1322","27.013705485","16.7155255178233"
"1323","27.030413728","16.7201374218248"
"1324","27.047122121","16.7351179850786"
"1325","27.063828334","16.7545494345452"
"1326","27.099251818","16.7689789919719"
"1327","27.115962031","16.7746914304003"
"1328","27.132672303","16.7795619103748"
"1329","27.149381303","16.7812799258691"
"1330","27.166087515","16.7816344604509"
"1331","27.201517818","16.7858567134172"
"1332","27.218225667","16.7930124029209"
"1333","27.234931909","16.7926667317103"
"1334","27.251640152","16.7952548341072"
"1335","27.268346364","16.8001518429232"
"1336","27.303769818","16.8171473441081"
"1337","27.320475546","16.8069825423999"
"1338","27.337181758","16.7925559396557"
"1339","27.35388797","16.7955074399918"
"1340","27.370598243","16.8195315891244"
"1341","27.406024818","16.8204046305151"
"1342","27.422734424","16.8177589162498"
"1343","27.439442667","16.8128471351599"
"1344","27.456150909","16.7965813843083"
"1345","27.472859152","16.7790186278036"
"1346","27.508283818","16.7340621664772"
"1347","27.524991728","16.7268931819269"
"1348","27.54169997","16.7303617118515"
"1349","27.558408212","16.7394215474679"
"1350","27.575116455","16.7350341821034"
"1351","27.610543818","16.7166427010298"
"1352","27.62725197","16.7063109726258"
"1353","27.643962243","16.7074188931724"
"1354","27.660672515","16.7169145108705"
"1355","27.677382788","16.7303321673036"
"1356","27.712807818","16.7413788737669"
"1357","27.729516909","16.7383830566089"
"1358","27.746226061","16.740819004584"
"1359","27.762932303","16.7293187893103"
"1360","27.779642606","16.7223876383707"
"1361","27.815066818","16.7272048769074"
"1362","27.831773152","16.7271649917677"
"1363","27.848479364","16.7244010993108"
"1364","27.865189667","16.7361834650171"
"1365","27.88189994","16.753313393895"
"1366","27.917320818","16.7361125581021"
"1367","27.934030879","16.7228514877729"
"1368","27.950741152","16.7196813577822"
"1369","27.967449394","16.7288490309985"
"1370","27.984157637","16.7450911462118"
"1371","28.019580818","16.7760397227919"
"1372","28.036288515","16.7617135728911"
"1373","28.052996758","16.7512223049394"
"1374","28.069707031","16.7486268166556"
"1375","28.086417303","16.7419438405625"
"1376","28.121839818","16.7201222395793"
"1377","28.138547606","16.7108097989755"
"1378","28.155258879","16.7078169365607"
"1379","28.171969152","16.7079572731498"
"1380","28.188677394","16.710444923844"
"1381","28.224105818","16.7005977269747"
"1382","28.240816091","16.7013954296914"
"1383","28.257526364","16.7070266199803"
"1384","28.274236637","16.7055021214551"
"1385","28.290946909","16.697804290239"
"1386","28.326373818","16.6982120049609"
"1387","28.343081546","16.7004440953403"
"1388","28.359789788","16.7083191938268"
"1389","28.376496","16.7124598618173"
"1390","28.393202212","16.7180098046073"
"1391","28.428629818","16.6990747056767"
"1392","28.445340182","16.6930490957112"
"1393","28.462050455","16.6885213941803"
"1394","28.478760728","16.6863543018"
"1395","28.49546694","16.6864414582079"
"1396","28.530891818","16.7129429151291"
"1397","28.547600152","16.7158988468626"
"1398","28.564308424","16.7194176021795"
"1399","28.581016637","16.7186479667807"
"1400","28.597724909","16.7175503869316"
"1401","28.633151818","16.7527438490101"
"1402","28.649861606","16.7550025294801"
"1403","28.666571879","16.7484067097949"
"1404","28.683278061","16.7458053126022"
"1405","28.699986364","16.7473815140812"
"1406","28.735410818","16.799441956936"
"1407","28.752117546","16.7996428598424"
"1408","28.768827849","16.7933941885617"
"1409","28.785534061","16.7935773647411"
"1410","28.802244334","16.7972275932836"
"1411","28.837671818","16.8092666222842"
"1412","28.854379637","16.8098900122448"
"1413","28.871089909","16.8136392153724"
"1414","28.887800182","16.816478446425"
"1415","28.904506424","16.816976272057"
"1416","28.939931818","16.8110762258427"
"1417","28.95663794","16.8193413131159"
"1418","28.973348212","16.8249326188047"
"1419","28.990056424","16.8384049326442"
"1420","29.006762667","16.8489434728778"
"1421","29.042193818","16.8442724798558"
"1422","29.058903637","16.8380444891599"
"1423","29.075611879","16.8338698445425"
"1424","29.092318091","16.8315712787164"
"1425","29.109024303","16.8406532727389"
"1426","29.144444818","16.8602856862813"
"1427","29.161150849","16.8518595811916"
"1428","29.177861121","16.841081730081"
"1429","29.194569364","16.8320204172092"
"1430","29.211277637","16.832459153747"
"1431","29.246703818","16.8577906492027"
"1432","29.263411546","16.8566192078745"
"1433","29.280119788","16.8465356536419"
"1434","29.296830061","16.8404923163484"
"1435","29.313540334","16.8530679532048"
"1436","29.348967818","16.8999654914735"
"1437","29.365679546","16.9110033346065"
"1438","29.382385879","16.9204753166954"
"1439","29.399094152","16.9283371209184"
"1440","29.415800364","16.9287315406342"
"1441","29.451222818","16.9206555384382"
"1442","29.46793294","16.9238891892169"
"1443","29.484641212","16.9228506983547"
"1444","29.501349455","16.9006006992555"
"1445","29.518059728","16.8689200804345"
"1446","29.553484818","16.8344223889617"
"1447","29.570195","16.8309878352566"
"1448","29.586905273","16.8298799147066"
"1449","29.603615546","16.8348404443159"
"1450","29.620325818","16.8341092167528"
"1451","29.655749818","16.8259265367492"
"1452","29.672456121","16.8325459930089"
"1453","29.689166424","16.8414846963847"
"1454","29.705874697","16.8431938485588"
"1455","29.722585273","16.8378802613761"
"1456","29.758011818","16.8223944858863"
"1457","29.774721818","16.8213973573491"
"1458","29.791428061","16.8210886168094"
"1459","29.808136364","16.8234905886635"
"1460","29.824846637","16.8251317883744"
"1461","29.860276818","16.8281364690332"
"1462","29.87698894","16.8227534521597"
"1463","29.893699212","16.8136655488102"
"1464","29.910409515","16.8064315659262"
"1465","29.927119849","16.8070032529542"
"1466","29.962544818","16.8047549127562"
"1467","29.979251121","16.8017487548699"
"1468","29.995959364","16.7989730444678"
"1469","30.012669637","16.8052586473209"
"1470","30.029377879","16.8097376009873"
"1471","30.064802818","16.8061730511202"
"1472","30.081509061","16.8096932841634"
"1473","30.098217303","16.8288691738546"
"1474","30.114927606","16.8536127338521"
"1475","30.131635849","16.8727176551129"
"1476","30.167063818","16.8903912044106"
"1477","30.183773818","16.8840450352546"
"1478","30.200484091","16.8796665330715"
"1479","30.217192334","16.8771434285746"
"1480","30.233902606","16.8718298414111"
"1481","30.269326818","16.8680052995244"
"1482","30.286034758","16.8733927480608"
"1483","30.302745182","16.8944713066474"
"1484","30.319453424","16.8995160384137"
"1485","30.336163697","16.895365029259"
"1486","30.371588818","16.9021661844719"
"1487","30.388298697","16.9093100564548"
"1488","30.40500897","16.9105199057423"
"1489","30.421719243","16.9022297052525"
"1490","30.438429485","16.8862003101146"
"1491","30.473853818","16.8669875388607"
"1492","30.490563424","16.8567606916322"
"1493","30.507273728","16.8547427986213"
"1494","30.52398197","16.8518385690025"
"1495","30.540692243","16.8581743985219"
"1496","30.576117818","16.8673169606333"
"1497","30.592827546","16.8828396690945"
"1498","30.609537818","16.9150402780627"
"1499","30.626248091","16.9654964667"
"1500","30.642956455","17.0367608844376"
"1501","30.678385818","17.2387097261121"
"1502","30.695095424","17.3797908784607"
"1503","30.711806121","17.5843987299592"
"1504","30.728516758","17.8322553762444"
"1505","30.745224364","18.170819710991"
"1506","30.780651818","18.8136722666256"
"1507","30.797360031","19.2137084768191"
"1508","30.814068273","19.6038310120523"
"1509","30.830778546","19.882848299019"
"1510","30.847488818","20.1430516142534"
"1511","30.882915818","20.6523007440554"
"1512","30.899624","20.8395807148677"
"1513","30.916332273","21.0243759887223"
"1514","30.933038515","21.1677217311044"
"1515","30.949746758","21.1871531840068"
"1516","30.985172818","21.0717093180442"
"1517","31.001881243","20.9666193408905"
"1518","31.018589485","20.8891018183837"
"1519","31.035297728","20.7984133338821"
"1520","31.052008","20.7145806630433"
"1521","31.087437818","20.6879388618349"
"1522","31.104147728","20.7611295844671"
"1523","31.12085394","20.7800410532262"
"1524","31.137566243","20.7337813664369"
"1525","31.154277243","20.6881232139656"
"1526","31.189699818","20.662187527964"
"1527","31.206408334","20.668097915826"
"1528","31.223120637","20.676197555078"
"1529","31.239828879","20.6993811659516"
"1530","31.256539152","20.7308653190389"
"1531","31.291966818","20.7356635032316"
"1532","31.30867694","20.7304946814379"
"1533","31.325389394","20.7291223363546"
"1534","31.342097637","20.7320959969064"
"1535","31.358805879","20.7345009245658"
"1536","31.394232818","20.7388676113969"
"1537","31.410940424","20.7516943846564"
"1538","31.427646637","20.7535113754556"
"1539","31.444356909","20.7441147262901"
"1540","31.461063152","20.7442491540647"
"1541","31.496489818","20.7525659493487"
"1542","31.513197758","20.7571424025973"
"1543","31.529906","20.7521390303723"
"1544","31.546614243","20.731765097769"
"1545","31.563322485","20.7184183401507"
"1546","31.598748818","20.7082225104793"
"1547","31.615456515","20.7095726971382"
"1548","31.632166818","20.6954415312969"
"1549","31.648875061","20.6869947399232"
"1550","31.665581273","20.6773100312408"
"1551","31.701007818","20.6635614675271"
"1552","31.717718879","20.6599141908742"
"1553","31.734427485","20.6550230879993"
"1554","31.751136121","20.6470445779942"
"1555","31.767844364","20.6356004904161"
"1556","31.803267818","20.6521232888621"
"1557","31.819978243","20.6531145090461"
"1558","31.836686485","20.6523330552796"
"1559","31.853394758","20.6478216000758"
"1560","31.870103","20.638235865689"
"1561","31.905525818","20.6210527461964"
"1562","31.922235606","20.6113650830574"
"1563","31.938941818","20.6109898670713"
"1564","31.955648031","20.6047707359619"
"1565","31.972358303","20.606829992201"
"1566","32.007786818","20.5946605855314"
"1567","32.024497091","20.5913944337778"
"1568","32.041205334","20.5917504457962"
"1569","32.057911546","20.5881194186544"
"1570","32.074619818","20.5889363258999"
"1571","32.110048818","20.5875773890373"
"1572","32.126756394","20.5787378029988"
"1573","32.143465364","20.5796064134284"
"1574","32.160177667","20.5779785074872"
"1575","32.17688794","20.5771468277731"
"1576","32.212311818","20.5841149151823"
"1577","32.229023788","20.5791174507546"
"1578","32.245734091","20.5771556911448"
"1579","32.262442334","20.5688388940039"
"1580","32.279150576","20.5640541504978"
"1581","32.314574818","20.5598277994108"
"1582","32.331285212","20.5564907399541"
"1583","32.347991424","20.5449373349028"
"1584","32.364699667","20.5315595525035"
"1585","32.38141197","20.5188317506979"
"1586","32.416834818","20.5034316423153"
"1587","32.433543273","20.4977295398351"
"1588","32.450251515","20.4931412677357"
"1589","32.466959758","20.4912710963004"
"1590","32.483668","20.4843872109227"
"1591","32.519092818","20.480765046342"
"1592","32.535803212","20.476472219967"
"1593","32.552511455","20.4779346763026"
"1594","32.569217697","20.4828922555574"
"1595","32.58592594","20.4940084009367"
"1596","32.621352818","20.4912031437838"
"1597","32.638060697","20.4818124014349"
"1598","32.65476894","20.4754204331882"
"1599","32.671477212","20.4745429593869"
"1600","32.688185455","20.4714777099966"
"1601","32.723607818","20.4679648603339"
"1602","32.740318212","20.4621416251066"
"1603","32.757026455","20.4618535655254"
"1604","32.773736758","20.4674626026024"
"1605","32.790445","20.4666959209477"
"1606","32.825870818","20.4682529199151"
"1607","32.842580424","20.4671656796495"
"1608","32.859290697","20.4689811936257"
"1609","32.87599894","20.4682543971437"
"1610","32.892709212","20.46701500233"
"1611","32.928131818","20.4785936445856"
"1612","32.944837364","20.4800782595938"
"1613","32.961547637","20.4778077588299"
"1614","32.978257909","20.4789348844531"
"1615","32.994968182","20.4777368518445"
"1616","33.030394818","20.4833636165872"
"1617","33.047103","20.4866371557497"
"1618","33.063809243","20.4862604623894"
"1619","33.080515455","20.4819041144696"
"1620","33.097225728","20.4731574423663"
"1621","33.132651818","20.4619764460238"
"1622","33.149362515","20.4599511652367"
"1623","33.166072788","20.4573010166356"
"1624","33.182783091","20.4546685947811"
"1625","33.199493364","20.4536168078223"
"1626","33.234922818","20.452312414726"
"1627","33.251631031","20.4538900951641"
"1628","33.268341334","20.4503491775516"
"1629","33.285049606","20.4531027321739"
"1630","33.301757849","20.4533553383115"
"1631","33.337180818","20.4515280061936"
"1632","33.353889","20.4455171619027"
"1633","33.370597243","20.4449026346909"
"1634","33.387307515","20.4420013571811"
"1635","33.404013728","20.4432289343759"
"1636","33.439438818","20.4453073954025"
"1637","33.456148909","20.4454698905787"
"1638","33.472857212","20.4458259027375"
"1639","33.489565455","20.4453989835928"
"1640","33.506271667","20.4431875719674"
"1641","33.541696818","20.4528929656738"
"1642","33.558408637","20.4545149629781"
"1643","33.575116879","20.4553038031971"
"1644","33.591825152","20.4533464749383"
"1645","33.608531394","20.4559345799266"
"1646","33.643958818","20.4504053122489"
"1647","33.660667121","20.4480579955671"
"1648","33.677373364","20.453420336382"
"1649","33.694081606","20.4598315096979"
"1650","33.710790182","20.4646192084806"
"1651","33.746214818","20.4571934945366"
"1652","33.762922728","20.4563544283271"
"1653","33.77962897","20.4545477769639"
"1654","33.796337212","20.4500776812772"
"1655","33.813045455","20.4465397172423"
"1656","33.848467818","20.4375079376559"
"1657","33.865176212","20.4302429242431"
"1658","33.881882424","20.4255128362097"
"1659","33.898590667","20.4167602529501"
"1660","33.915298909","20.4103712364778"
"1661","33.950724818","20.4097109150066"
"1662","33.96743494","20.4117686953409"
"1663","33.984141152","20.4039896061518"
"1664","34.000851424","20.3997824572702"
"1665","34.017559667","20.3971367396975"
"1666","34.052986818","20.3948366937675"
"1667","34.069694576","20.3971899199502"
"1668","34.086404849","20.3996701878478"
"1669","34.103113091","20.3956122391196"
"1670","34.119821334","20.3906827251386"
"1671","34.155248818","20.380890098273"
"1672","34.171958485","20.3778647327961"
"1673","34.188666697","20.3745306264086"
"1674","34.20537697","20.3677146907101"
"1675","34.222087273","20.3628856283351"
"1676","34.257511818","20.3587021151365"
"1677","34.274221728","20.3588779054156"
"1678","34.29092997","20.3596372012434"
"1679","34.307638212","20.358643025967"
"1680","34.324348485","20.355766860643"
"1681","34.359770818","20.3490779666588"
"1682","34.376479031","20.3536027198111"
"1683","34.393187273","20.3557845873938"
"1684","34.409893485","20.3541345223363"
"1685","34.426603758","20.3514430106669"
"1686","34.462032818","20.3458088583578"
"1687","34.478743091","20.3453789846499"
"1688","34.495453364","20.3466109938334"
"1689","34.512163637","20.3468015564049"
"1690","34.528871879","20.3421704427476"
"1691","34.564290818","20.3302536866656"
"1692","34.581001334","20.327408543066"
"1693","34.597707546","20.3234155923133"
"1694","34.614415788","20.3175303108488"
"1695","34.631128091","20.3149156150174"
"1696","34.666556818","20.3151667439956"
"1697","34.683266697","20.3181005213521"
"1698","34.69997494","20.3198303568428"
"1699","34.716687515","20.3135477007011"
"1700","34.733396091","20.3114145816161"
"1701","34.768824818","20.3076092389824"
"1702","34.78553497","20.3050492006345"
"1703","34.802241182","20.3024817761402"
"1704","34.818947394","20.2990132417831"
"1705","34.835653606","20.2977797553316"
"1706","34.871082818","20.2995878839743"
"1707","34.88779094","20.2972479527896"
"1708","34.904499182","20.292504569561"
"1709","34.921209455","20.2929861463074"
"1710","34.937915667","20.2900700957022"
"1711","34.973340818","20.2943319021844"
"1712","34.990051121","20.2948164333894"
"1713","35.006757334","20.2934455646145"
"1714","35.023465576","20.2969835287479"
"1715","35.040175849","20.2967634215847"
"1716","35.075598818","20.2965078609187"
"1717","35.092307273","20.2967013779548"
"1718","35.109013515","20.2967826255654"
"1719","35.125719728","20.2993899352503"
"1720","35.142425182","20.2992422862457"
"1721","35.177850818","20.2964990714568"
"1722","35.194559303","20.2958520450284"
"1723","35.211269576","20.293408707785"
"1724","35.227975758","20.2886963463543"
"1725","35.244686031","20.2831552592927"
"1726","35.280108818","20.282859813435"
"1727","35.296816394","20.2802628443456"
"1728","35.313524637","20.2726831808657"
"1729","35.330232909","20.2713581061939"
"1730","35.346943334","20.2687847727731"
"1731","35.382368818","20.2665028494813"
"1732","35.399080606","20.2649399405746"
"1733","35.415790879","20.2645322252076"
"1734","35.432501152","20.2636931588003"
"1735","35.449211424","20.2647198333656"
"1736","35.484636818","20.2599040649009"
"1737","35.501346697","20.2579821892037"
"1738","35.51805494","20.2572169842759"
"1739","35.534763182","20.2567664292508"
"1740","35.551471424","20.2560558818178"
"1741","35.586897818","20.2484407632792"
"1742","35.603606031","20.2488233657431"
"1743","35.620314273","20.2459649264857"
"1744","35.637024546","20.2469679653776"
"1745","35.653732818","20.2505354748384"
"1746","35.689161818","20.2454464188994"
"1747","35.705869758","20.2452366522976"
"1748","35.722580334","20.2404711096389"
"1749","35.739286879","20.2398506732109"
"1750","35.755996637","20.2384812813806"
"1751","35.791419818","20.2399614654302"
"1752","35.808129849","20.2459944710775"
"1753","35.824840121","20.2467906978267"
"1754","35.841550394","20.2543969529878"
"1755","35.858262697","20.26138572618"
"1756","35.893687818","20.2742361463871"
"1757","35.910395879","20.272429494598"
"1758","35.927106152","20.2694100373152"
"1759","35.943816485","20.2674290724344"
"1760","35.960524728","20.2716908798028"
"1761","35.995950818","20.2850524214481"
"1762","36.012656879","20.2866552155538"
"1763","36.029365182","20.3063437315349"
"1764","36.046073455","20.3582565338014"
"1765","36.062783728","20.4352275816102"
"1766","36.098206818","20.4795946951288"
"1767","36.114914818","20.469174317598"
"1768","36.131627121","20.4634457701857"
"1769","36.148338121","20.4934660301395"
"1770","36.165044334","20.5399381961609"
"1771","36.200465818","20.8884938676602"
"1772","36.217175515","21.1104077349587"
"1773","36.233883728","21.233599823051"
"1774","36.250592","21.3778394789676"
"1775","36.267302303","21.5324743998182"
"1776","36.302729818","21.728406752315"
"1777","36.319439606","21.7134867330123"
"1778","36.336147849","21.7087108496058"
"1779","36.352858121","21.666640826861"
"1780","36.369566364","21.6377476924509"
"1781","36.404996818","21.3250580641471"
"1782","36.421703","21.0912318170806"
"1783","36.438413394","20.7909553493908"
"1784","36.455123667","20.4479825135915"
"1785","36.47183394","20.0892225246942"
"1786","36.507255818","19.1222235746321"
"1787","36.523962212","18.80920452412"
"1788","36.540670455","18.3995199980522"
"1789","36.557376667","18.0385264379484"
"1790","36.574084909","17.7577819004785"
"1791","36.609507818","17.4996581803931"
"1792","36.626218031","17.3853560602378"
"1793","36.642926273","17.250798167342"
"1794","36.659636576","17.1218685193515"
"1795","36.676346879","17.0287986207247"
"1796","36.711772818","16.8381961127471"
"1797","36.728481546","16.7479388593434"
"1798","36.745192576","16.6348022733693"
"1799","36.761903031","16.5698204190022"
"1800","36.778613303","16.5455524905759"
"1801","36.814040818","16.5116840467587"
"1802","36.830748637","16.4685090562477"
"1803","36.847454879","16.417213734439"
"1804","36.864163121","16.3862687280673"
"1805","36.880871364","16.378263620681"
"1806","36.916293818","16.3477351930662"
"1807","36.933002303","16.3031716066993"
"1808","36.949712606","16.2589285791629"
"1809","36.966422879","16.2524908124183"
"1810","36.983133182","16.2455581737462"
"1811","37.018554818","16.1659588350515"
"1812","37.035266667","16.1467149612936"
"1813","37.051972879","16.1248002558971"
"1814","37.068685212","16.0967210701758"
"1815","37.085395485","16.072504840613"
"1816","37.120821818","16.0643874623755"
"1817","37.137530061","16.0912403127169"
"1818","37.154237","16.0845868693952"
"1819","37.170947273","16.0651022074476"
"1820","37.187655515","16.0462246869753"
"1821","37.223081818","16.0472676112615"
"1822","37.239793455","16.0435346513872"
"1823","37.256499697","16.0378384530195"
"1824","37.273205909","16.0336682331045"
"1825","37.289912121","16.0275820460519"
"1826","37.325337818","16.0043659014598"
"1827","37.342047455","15.981690422999"
"1828","37.358757728","15.9613740806362"
"1829","37.37546394","15.9365846862355"
"1830","37.392172182","15.9086428832984"
"1831","37.427597818","15.8760950776355"
"1832","37.444305606","15.8821443339415"
"1833","37.461013849","15.8846260801183"
"1834","37.477720091","15.8812225425044"
"1835","37.494426334","15.8823733045709"
"1836","37.529849818","15.9031003168369"
"1837","37.546560243","15.9197856281863"
"1838","37.563270515","15.92952943639"
"1839","37.579980788","15.9351931357007"
"1840","37.596691212","15.941672265898"
"1841","37.632117818","15.9339123774059"
"1842","37.648825818","15.9445425235299"
"1843","37.665534061","15.9655487322407"
"1844","37.682240273","15.984158874107"
"1845","37.698946485","15.9964671533601"
"1846","37.734373818","15.9799384283766"
"1847","37.751085879","15.9755392378322"
"1848","37.767794243","15.9782794992358"
"1849","37.784504515","15.9692462385982"
"1850","37.801214788","15.9717427570737"
"1851","37.836636818","15.9898666521033"
"1852","37.853344515","16.003545800659"
"1853","37.870052758","16.0365293890986"
"1854","37.886763031","16.0540286540868"
"1855","37.903473303","16.0397453185161"
"1856","37.938896818","16.0246362114505"
"1857","37.955604546","16.0233259085597"
"1858","37.972314849","16.0419936623716"
"1859","37.989021061","16.0732902543046"
"1860","38.005731334","16.0918944872323"
"1861","38.041155818","16.0714791704894"
"1862","38.057861879","16.0513519135703"
"1863","38.074572152","16.0247499581502"
"1864","38.091280424","16.0037998841959"
"1865","38.107986637","16.0005706597096"
"1866","38.143413818","16.0197718102718"
"1867","38.160121515","16.0266424064266"
"1868","38.176829758","16.0238489647305"
"1869","38.19353597","16.0213849452968"
"1870","38.210246243","16.03078160454"
"1871","38.245671818","16.0536121922785"
"1872","38.262382152","16.0694628688514"
"1873","38.279092515","16.0794533745049"
"1874","38.295798728","16.0785655593493"
"1875","38.312509","16.0805849325902"
"1876","38.347931818","16.0840933535464"
"1877","38.364640212","16.0855513794344"
"1878","38.381348485","16.0896344428125"
"1879","38.398054697","16.0990429198948"
"1880","38.41476497","16.1060582845774"
"1881","38.450189818","16.0875796160545"
"1882","38.466899909","16.0750792968411"
"1883","38.483610182","16.0678024624704"
"1884","38.500318455","16.0684731248343"
"1885","38.517024667","16.0767973151873"
"1886","38.552446818","16.0901692000277"
"1887","38.569155061","16.1009263879871"
"1888","38.585865334","16.1235782309105"
"1889","38.602575606","16.1403049048001"
"1890","38.619281818","16.1506750585318"
"1891","38.654704818","16.1787912878386"
"1892","38.671414788","16.1864462952631"
"1893","38.688127091","16.1908558277142"
"1894","38.704837394","16.1976584732544"
"1895","38.72154797","16.2019335777481"
"1896","38.756971818","16.1943391367661"
"1897","38.77368394","16.1937704030999"
"1898","38.790392182","16.1786524281903"
"1899","38.807100424","16.1752341172717"
"1900","38.823808667","16.175969777962"
"1901","38.859234818","16.1671004872294"
"1902","38.875946606","16.166638114145"
"1903","38.892656879","16.1676470624411"
"1904","38.909365121","16.1777956346152"
"1905","38.926071334","16.1849587243491"
"1906","38.961496818","16.1932666675669"
"1907","38.978202758","16.2065248095264"
"1908","38.99490897","16.2178433480995"
"1909","39.011615182","16.2192718298015"
"1910","39.028325455","16.22714251285"
"1911","39.063752818","16.2229811550895"
"1912","39.080463394","16.2224523066415"
"1913","39.097171637","16.2228112736048"
"1914","39.113877849","16.2259105027782"
"1915","39.130586091","16.2208466755278"
"1916","39.166009818","16.2128740635308"
"1917","39.182716212","16.2319746514726"
"1918","39.199424485","16.2575514171047"
"1919","39.216136788","16.2742795731645"
"1920","39.232845031","16.2817381090128"
"1921","39.268266818","16.2733075556188"
"1922","39.284976879","16.270661836129"
"1923","39.301687152","16.2728067745429"
"1924","39.318395424","16.2664650248109"
"1925","39.335105697","16.2648400714671"
"1926","39.370530818","16.259570790942"
"1927","39.387238818","16.2749147821989"
"1928","39.403945031","16.3020204812046"
"1929","39.420655303","16.3289902750216"
"1930","39.437367606","16.3262470583311"
"1931","39.472792818","16.293857899037"
"1932","39.489498485","16.2856651794274"
"1933","39.506206728","16.2754722899023"
"1934","39.52291497","16.2723981735108"
"1935","39.539623273","16.26436204032"
"1936","39.575046818","16.2535191694339"
"1937","39.591754606","16.2474610477031"
"1938","39.608462849","16.2414886053336"
"1939","39.625173152","16.241566898543"
"1940","39.641883424","16.243468094024"
"1941","39.677311818","16.2551648040616"
"1942","39.694022091","16.2475954756664"
"1943","39.710732697","16.2377984838794"
"1944","39.727443273","16.2262376790355"
"1945","39.744150394","16.2128022688572"
"1946","39.779580818","16.2142410912336"
"1947","39.796290394","16.2190657256088"
"1948","39.812998637","16.2244457986016"
"1949","39.829706879","16.2273278750456"
"1950","39.846413091","16.2349518609642"
"1951","39.881838818","16.2563199982077"
"1952","39.898548606","16.2670077599054"
"1953","39.915254818","16.2748873066774"
"1954","39.931961031","16.2773956438388"
"1955","39.948669303","16.2733495098664"
"1956","39.984096818","16.2929198577546"
"1957","40.000805182","16.3077881813879"
"1958","40.017515455","16.3136586948622"
"1959","40.034223697","16.3127103129672"
"1960","40.05093394","16.3092240493036"
"1961","40.086359818","16.3626436537972"
"1962","40.103071909","16.393325728498"
"1963","40.119778121","16.4073357812887"
"1964","40.136484334","16.4040104759988"
"1965","40.153193364","16.3896030482918"
"1966","40.188620818","16.3777010032764"
"1967","40.205330697","16.3685510384228"
"1968","40.22203894","16.3480308314836"
"1969","40.238747182","16.3276376663554"
"1970","40.255455424","16.3211245576955"
"1971","40.290876818","16.3248763230571"
"1972","40.307584606","16.3293464231647"
"1973","40.324294879","16.3247581446009"
"1974","40.341005152","16.3245217876884"
"1975","40.357711334","16.3255440313349"
"1976","40.393137818","16.3455501667472"
"1977","40.409848212","16.3609621146727"
"1978","40.426556455","16.3722791790893"
"1979","40.443264697","16.3711269391408"
"1980","40.45997294","16.370404573327"
"1981","40.495398818","16.3608616629849"
"1982","40.512106849","16.3555923810669"
"1983","40.528815121","16.3506288859045"
"1984","40.545521334","16.3522508852165"
"1985","40.562229576","16.3591052356789"
"1986","40.597653818","16.3598571461068"
"1987","40.61436394","16.3545346838835"
"1988","40.631072182","16.3506687711334"
"1989","40.647780455","16.3533558537824"
"1990","40.664488697","16.3580135621893"
"1991","40.699915818","16.356109411813"
"1992","40.716624849","16.3565171274871"
"1993","40.733335455","16.3626417259822"
"1994","40.750047546","16.384063048408"
"1995","40.766757849","16.4072969329065"
"1996","40.802180818","16.417897540432"
"1997","40.81888697","16.4357439645563"
"1998","40.835595576","16.4532905108479"
"1999","40.852305879","16.4706583122243"
"2000","40.869014121","16.46934653136"
"2001","40.904435818","16.4307730832403"
"2002","40.921141909","16.4139681067618"
"2003","40.937852212","16.4005903055144"
"2004","40.954560455","16.3997202166302"
"2005","40.971266697","16.4019094725323"
"2006","41.006691818","16.416290313427"
"2007","41.023401697","16.4452203995168"
"2008","41.04010994","16.4809619963785"
"2009","41.056820212","16.5249701762549"
"2010","41.073528485","16.5680004294058"
"2011","41.108955818","16.6162894761184"
"2012","41.125666212","16.6290852499379"
"2013","41.142374455","16.657867555528"
"2014","41.159083485","16.7041152222928"
"2015","41.175793728","16.7447833880715"
"2016","41.211219803","16.7873660450544"
"2017","41.227931379","16.7671915030987"
"2018","41.244641651","16.7584064111304"
"2019","41.261349894","16.7748716263781"
"2020","41.278062197","16.8119634162269"
"2021","41.313486803","16.9253600892989"
"2022","41.330193167","17.0127530674126"
"2023","41.346899379","17.181166249678"
"2024","41.363607621","17.393680682258"
"2025","41.380315864","17.6434715585452"
"2026","41.415744803","18.1639487417385"
"2027","41.432451258","18.4336674624265"
"2028","41.4491595","18.7169619347857"
"2029","41.465867742","19.0309104248736"
"2030","41.482578015","19.3942501290121"
"2031","41.518004803","19.9475380870006"
"2032","41.5347145","20.1170857825722"
"2033","41.551424773","20.2482136577452"
"2034","41.568135045","20.4105155359124"
"2035","41.584845318","20.5594824510398"
"2036","41.620272803","20.6963877761351"
"2037","41.636983258","20.7086650418738"
"2038","41.6536895","20.7502018194026"
"2039","41.670395712","20.7611436684372"
"2040","41.687101924","20.7522536930773"
"2041","41.722525803","20.8111065708334"
"2042","41.739232773","20.8219893306333"
"2043","41.755943803","20.8471805486146"
"2044","41.772652076","20.86781450937"
"2045","41.789364379","20.8639087109567"
"2046","41.824790803","20.8130254937301"
"2047","41.841496773","20.7789960034694"
"2048","41.858202985","20.7564682327419"
"2049","41.874913288","20.7235348477848"
"2050","41.89162153","20.6993333744846"
"2051","41.927044803","20.6622742250954"
"2052","41.943753136","20.6662804756339"
"2053","41.960459379","20.6554686217656"
"2054","41.977167621","20.6586653497026"
"2055","41.993879924","20.6463747875787"
"2056","42.029305803","20.6141681967824"
"2057","42.046013439","20.5993057754449"
"2058","42.062725742","20.5943215979682"
"2059","42.079436015","20.5914956550183"
"2060","42.096144258","20.587193958275"
"2061","42.131573803","20.5719385934849"
"2062","42.148282954","20.554767260056"
"2063","42.164991197","20.5634578101732"
"2064","42.181699439","20.5730465167533"
"2065","42.198407682","20.5874923589419"
"2066","42.233835803","20.562484314928"
"2067","42.250546348","20.5665378368593"
"2068","42.267254591","20.562664537113"
"2069","42.283960803","20.5740362615397"
"2070","42.300666985","20.5685010768909"
"2071","42.336092803","20.5776554775497"
"2072","42.352803197","20.5657416093371"
"2073","42.369511439","20.5510003209435"
"2074","42.386219682","20.5457975132752"
"2075","42.402927924","20.5502602282003"
"2076","42.438352803","20.5566728880776"
"2077","42.455061076","20.5696799072484"
"2078","42.471771348","20.5799348450205"
"2079","42.488481621","20.5856000259995"
"2080","42.505191924","20.5777736560317"
"2081","42.540620803","20.5754854251747"
"2082","42.557332954","20.5782714828869"
"2083","42.574041197","20.5701526211763"
"2084","42.590747439","20.5698128580406"
"2085","42.607453651","20.5727023219246"
"2086","42.642880803","20.5594486051727"
"2087","42.659590803","20.5590113447894"
"2088","42.676299045","20.5624281801491"
"2089","42.693007288","20.565252645868"
"2090","42.7097135","20.5686355049141"
"2091","42.745138803","20.5676576279168"
"2092","42.761846773","20.5644195372372"
"2093","42.778557076","20.5725191956296"
"2094","42.795263318","20.5793277539974"
"2095","42.81196953","20.5783778943683"
"2096","42.847396803","20.5680357990911"
"2097","42.864104833","20.5672558210442"
"2098","42.880813076","20.5664167537513"
"2099","42.897519288","20.5707095874716"
"2100","42.91422753","20.5663827774348"
"2101","42.949646803","20.5576493868793"
"2102","42.966357076","20.5464047033698"
"2103","42.983063288","20.5439421590437"
"2104","42.999773561","20.5403199882652"
"2105","43.016485864","20.5323562351386"
"2106","43.051917803","20.52761580038"
"2107","43.068625591","20.5212829104424"
"2108","43.085335864","20.5120147622108"
"2109","43.102044136","20.5047807612719"
"2110","43.118750348","20.50389146812"
"2111","43.154178803","20.5123100591476"
"2112","43.170890954","20.5075518976497"
"2113","43.187599197","20.5034747397067"
"2114","43.20430947","20.4994226946931"
"2115","43.221019742","20.5034067870743"
"2116","43.256445803","20.5115241721817"
"2117","43.273155954","20.505127761351"
"2118","43.289862197","20.4974476366606"
"2119","43.30657247","20.4944015860525"
"2120","43.323282833","20.500453802028"
"2121","43.358708803","20.502306249876"
"2122","43.375417045","20.500549822052"
"2123","43.392127318","20.500102221017"
"2124","43.408837591","20.4952524711884"
"2125","43.425547864","20.486027162727"
"2126","43.460971803","20.4835808679612"
"2127","43.477678227","20.4841067622466"
"2128","43.49438647","20.4812438882997"
"2129","43.511096742","20.4789379304921"
"2130","43.527807045","20.4768506028931"
"2131","43.563233803","20.4800245775014"
"2132","43.579943651","20.4833542563799"
"2133","43.596651894","20.4847206951389"
"2134","43.613358136","20.4815224898274"
"2135","43.6300665","20.4766092192196"
"2136","43.665493803","20.4734110139081"
"2137","43.682200015","20.4646288750736"
"2138","43.698910318","20.4540681500058"
"2139","43.715620954","20.4410847659492"
"2140","43.732331561","20.4343205247846"
"2141","43.767759803","20.421970872866"
"2142","43.784465924","20.4202602392629"
"2143","43.801174258","20.4171299865816"
"2144","43.8178825","20.4103288146398"
"2145","43.834590803","20.4092445270191"
"2146","43.870017803","20.4122787596795"
"2147","43.886726106","20.4110733391095"
"2148","43.903434348","20.4146482383491"
"2149","43.920144682","20.4112018582144"
"2150","43.936854954","20.4115061678191"
"2151","43.972280803","20.4049590796249"
"2152","43.988987106","20.4025201710941"
"2153","44.005697379","20.4000192188574"
"2154","44.022409712","20.4028540253206"
"2155","44.039119985","20.4048202199023"
"2156","44.074547803","20.4010370310789"
"2157","44.091258197","20.4042677354744"
"2158","44.107966439","20.408477844083"
"2159","44.124674682","20.4062058626655"
"2160","44.141382924","20.4113365091355"
"2161","44.176806803","20.4038306978818"
"2162","44.19351453","20.3989277678384"
"2163","44.210222773","20.4018497309676"
"2164","44.226933076","20.4090793000043"
"2165","44.243645379","20.4087395368497"
"2166","44.279068803","20.4291341895102"
"2167","44.295775167","20.4304252894975"
"2168","44.312483409","20.4243287567197"
"2169","44.329191682","20.4241869425335"
"2170","44.345897894","20.4286186358539"
"2171","44.381322803","20.4167625973245"
"2172","44.398031227","20.4175455296701"
"2173","44.41473947","20.411209686594"
"2174","44.431449742","20.4096216634402"
"2175","44.448157985","20.4093276945029"
"2176","44.483585803","20.4013225805767"
"2177","44.500295591","20.3985675450587"
"2178","44.517003833","20.3969573634422"
"2179","44.533716136","20.3947902657988"
"2180","44.550424379","20.3943663005475"
"2181","44.585848803","20.3851808791795"
"2182","44.602559318","20.3770206560151"
"2183","44.619267621","20.3746511777465"
"2184","44.635973833","20.3731695152132"
"2185","44.652680045","20.3687525949993"
"2186","44.688106803","20.3628481033287"
"2187","44.704816682","20.3689475894702"
"2188","44.721527288","20.3750515073043"
"2189","44.738233864","20.3792261616604"
"2190","44.754945348","20.3803857878704"
"2191","44.790369803","20.3842679505199"
"2192","44.807078258","20.3888710018198"
"2193","44.82378853","20.3838055772668"
"2194","44.840494773","20.3834436557108"
"2195","44.857203015","20.3857629081308"
"2196","44.892627803","20.3920307985882"
"2197","44.90933953","20.3935124611215"
"2198","44.926049803","20.3939600620663"
"2199","44.942762106","20.3998246685042"
"2200","44.959470379","20.402526523712"
"2201","44.994896803","20.4172042893459"
"2202","45.011605045","20.4143222119756"
"2203","45.028315318","20.4102347142391"
"2204","45.045027682","20.4148761735409"
"2205","45.061735954","20.420895889217"
"2206","45.097160803","20.4347124292708"
"2207","45.113870651","20.432205568534"
"2208","45.130576924","20.4304181192167"
"2209","45.147286439","20.4257590074294"
"2210","45.163994227","20.4227070485013"
"2211","45.199416803","20.4170382427562"
"2212","45.216122682","20.4156363509712"
"2213","45.232830924","20.4173765285505"
"2214","45.249537136","20.4158579355526"
"2215","45.266243379","20.4185494496014"
"2216","45.301666803","20.4218274241756"
"2217","45.318376621","20.4211818744285"
"2218","45.335082833","20.4207963172568"
"2219","45.351789045","20.4183899087028"
"2220","45.368499318","20.4157781651033"
"2221","45.403927803","20.4108708052405"
"2222","45.420638288","20.4132328968783"
"2223","45.4373445","20.4102400277988"
"2224","45.454050712","20.4064169551543"
"2225","45.470763045","20.4093817568535"
"2226","45.506191803","20.4060417385965"
"2227","45.522903773","20.4071496615035"
"2228","45.539616106","20.415420675312"
"2229","45.556326379","20.4235749879076"
"2230","45.573034621","20.4231273870532"
"2231","45.608458803","20.4164946219165"
"2232","45.625168682","20.4099445816903"
"2233","45.641876924","20.4060801465906"
"2234","45.658583136","20.408188154575"
"2235","45.675293439","20.4073919273125"
"2236","45.710721803","20.4102754813318"
"2237","45.727428348","20.411079094747"
"2238","45.744137045","20.4157796423339"
"2239","45.760847439","20.4350899999878"
"2240","45.777557712","20.4582249075168"
"2241","45.812986803","20.4760078087896"
"2242","45.829698773","20.4706484163807"
"2243","45.846409045","20.4627009160611"
"2244","45.863119318","20.4546633046784"
"2245","45.879829591","20.4492876627335"
"2246","45.915255803","20.4510160224685"
"2247","45.9319675","20.4511489732173"
"2248","45.948675742","20.4479891770865"
"2249","45.965386076","20.4476700952893"
"2250","45.982092288","20.4502005912089"
"2251","46.017517803","20.4562032007457"
"2252","46.034227561","20.449623616324"
"2253","46.050935803","20.4420291745836"
"2254","46.067642045","20.4347390423158"
"2255","46.084348258","20.4345307528224"
"2256","46.119773803","20.435623903355"
"2257","46.1364815","20.4298181645963"
"2258","46.15319253","20.4218765737865"
"2259","46.169902833","20.4166501325133"
"2260","46.186609045","20.4120618547873"
"2261","46.222033803","20.4076833437828"
"2262","46.238742227","20.4073982383091"
"2263","46.25545253","20.4141580447722"
"2264","46.272160773","20.4147740498629"
"2265","46.288866985","20.4249108050966"
"2266","46.324292803","20.5207919236044"
"2267","46.34100247","20.6087890632893"
"2268","46.357708682","20.7030629550856"
"2269","46.374416954","20.7862000066447"
"2270","46.391125197","20.8510651949736"
"2271","46.426553803","21.0948983275347"
"2272","46.443263712","21.2754705440174"
"2273","46.459969924","21.502612449912"
"2274","46.476680197","21.6864065059699"
"2275","46.4933905","21.8509596356333"
"2276","46.528817803","22.0563714818531"
"2277","46.545523954","22.1163559008302"
"2278","46.562234227","22.1373517769795"
"2279","46.578940439","22.1237509163796"
"2280","46.595646712","22.073387699215"
"2281","46.631069803","21.805976491707"
"2282","46.647781621","21.640872355092"
"2283","46.664489894","21.429058192174"
"2284","46.681196258","21.1051621245856"
"2285","46.697906561","20.6507113857577"
"2286","46.733332803","19.5084296580871"
"2287","46.750041439","19.024199430953"
"2288","46.766753742","18.5956814723826"
"2289","46.783464015","18.0644945214633"
"2290","46.800172288","17.6601735973914"
"2291","46.835594803","17.2350597196932"
"2292","46.852306682","17.0800214092406"
"2293","46.869012894","16.9270142909222"
"2294","46.885721288","16.8043199453998"
"2295","46.90242753","16.6968440299625"
"2296","46.937854803","16.5025955865506"
"2297","46.954560864","16.4613350574587"
"2298","46.971273167","16.3864749173899"
"2299","46.98798547","16.3355030740504"
"2300","47.004693712","16.3008265619347"
"2301","47.040117803","16.1987292432689"
"2302","47.056827621","16.1729249783955"
"2303","47.073535864","16.1530222499413"
"2304","47.090246167","16.141951883502"
"2305","47.106954409","16.1142021058718"
"2306","47.142380803","16.0932180445868"
"2307","47.1590895","16.0782477892498"
"2308","47.175795712","16.048861240067"
"2309","47.192503954","16.0280913772253"
"2310","47.209212197","16.025837123264"
"2311","47.244638803","16.0167787449606"
"2312","47.261346773","15.9712918589988"
"2313","47.278052985","15.926376661296"
"2314","47.294761227","15.9014410080408"
"2315","47.31146947","15.8715758361296"
"2316","47.346894803","15.8806578501233"
"2317","47.363604651","15.872364677293"
"2318","47.380314954","15.8714266358346"
"2319","47.397021167","15.8739999716149"
"2320","47.413727379","15.8987967651896"
"2321","47.449151803","15.9564604633423"
"2322","47.465857924","15.9395402635565"
"2323","47.482566197","15.9160995677121"
"2324","47.499274439","15.8951110747352"
"2325","47.515984742","15.8848945476076"
"2326","47.551411803","15.8909260803233"
"2327","47.568121954","15.8773532851747"
"2328","47.584832227","15.8534723745986"
"2329","47.6015425","15.8282516158293"
"2330","47.618248773","15.8219600905204"
"2331","47.653672803","15.8548398218865"
"2332","47.670380682","15.8670387926872"
"2333","47.687088924","15.8754752569936"
"2334","47.703799197","15.8806056790802"
"2335","47.720507773","15.8984639205442"
"2336","47.755932803","15.9347875452739"
"2337","47.772643045","15.9141624507814"
"2338","47.789349258","15.8914190075206"
"2339","47.80605547","15.8733953162226"
"2340","47.822763712","15.8721573969284"
"2341","47.858188803","15.8896345128818"
"2342","47.874896621","15.8872532170559"
"2343","47.891602833","15.8866564158687"
"2344","47.908311076","15.896236256707"
"2345","47.925021379","15.9161936429406"
"2346","47.960444803","15.9483559088976"
"2347","47.977154712","15.9495820103464"
"2348","47.993864985","15.9303558532901"
"2349","48.010575258","15.9237230876211"
"2350","48.02728353","15.9103231282928"
"2351","48.062713803","15.8598949052093"
"2352","48.0794235","15.8431829947385"
"2353","48.096131742","15.8430633390549"
"2354","48.112837954","15.845862691158"
"2355","48.129546197","15.8460473449907"
"2356","48.164975803","15.8435921876316"
"2357","48.181684076","15.853612243207"
"2358","48.198396379","15.876733857517"
"2359","48.215102591","15.8821700663505"
"2360","48.231810833","15.8845779523283"
"2361","48.267233803","15.873563720518"
"2362","48.283943591","15.8652424802031"
"2363","48.300653864","15.8528470377244"
"2364","48.317366167","15.8429510695247"
"2365","48.334076439","15.8337878077329"
"2366","48.369501803","15.8423276781856"
"2367","48.386208167","15.8532532761563"
"2368","48.402914379","15.8463132465097"
"2369","48.419624651","15.8369195367347"
"2370","48.436334924","15.8355530983731"
"2371","48.471758803","15.8493289706278"
"2372","48.488468591","15.8546647277375"
"2373","48.505178864","15.8445324027056"
"2374","48.521891167","15.8314884560616"
"2375","48.538599561","15.8247951239841"
"2376","48.574026803","15.8385333690339"
"2377","48.590734894","15.8495490779947"
"2378","48.607443136","15.8727873933579"
"2379","48.624153439","15.8907431319149"
"2380","48.640861682","15.9190099404124"
"2381","48.676291803","15.9280210473805"
"2382","48.693002258","15.9167689815156"
"2383","48.709714561","15.903685149644"
"2384","48.726423136","15.902856423249"
"2385","48.743130197","15.9211652199315"
"2386","48.778555803","15.920017411716"
"2387","48.795265712","15.911517426553"
"2388","48.811971894","15.9060959900656"
"2389","48.828682167","15.904327744977"
"2390","48.845388379","15.9062451903613"
"2391","48.880813803","15.8980908771705"
"2392","48.897524318","15.9097816805386"
"2393","48.914232561","15.9241359307696"
"2394","48.930940833","15.948087748537"
"2395","48.947651106","15.953942013605"
"2396","48.983075803","15.9294465749582"
"2397","48.999784227","15.9152828874811"
"2398","49.016490439","15.9143418915568"
"2399","49.033200712","15.9162844498622"
"2400","49.049910985","15.9114923136319"
"2401","49.085332803","15.9064977968026"
"2402","49.102042864","15.9070813029095"
"2403","49.118751106","15.9136313436139"
"2404","49.135461409","15.9285380781082"
"2405","49.152168409","15.9382789370176"
"2406","49.187590803","15.9397679855133"
"2407","49.204301379","15.9474096996684"
"2408","49.221007591","15.9547781261532"
"2409","49.237715803","15.9498500847031"
"2410","49.254424045","15.9464051828261"
"2411","49.289845803","15.9430434112491"
"2412","49.306554227","15.9409339263025"
"2413","49.32326047","15.9369380181929"
"2414","49.339968712","15.9575143598043"
"2415","49.356678985","16.004358811584"
"2416","49.392105803","16.0540868170161"
"2417","49.4088135","16.0580517032883"
"2418","49.425523773","16.0711724632992"
"2419","49.442232015","16.0761005037627"
"2420","49.458940258","16.0678132414725"
"2421","49.494366803","16.0296814943252"
"2422","49.511076924","16.0058966083833"
"2423","49.527787197","15.9866926137715"
"2424","49.54449953","15.9701358159554"
"2425","49.561205742","15.9580033230518"
"2426","49.596630803","15.94517062296"
"2427","49.613337318","15.9345389960968"
"2428","49.630049621","15.9266107007828"
"2429","49.646755833","15.9239147553854"
"2430","49.663468167","15.9248143886715"
"2431","49.698893803","15.9439341811531"
"2432","49.715598591","15.9564389361061"
"2433","49.732305136","15.9714549826622"
"2434","49.749015106","16.0060251274241"
"2435","49.765721318","16.0353333776625"
"2436","49.801146803","16.070492937336"
"2437","49.817855227","16.0898963580458"
"2438","49.8345655","16.1210541006883"
"2439","49.851273742","16.1393230084855"
"2440","49.867981985","16.140203437777"
"2441","49.903408803","16.1302749725627"
"2442","49.920118924","16.1277843621845"
"2443","49.936831227","16.1288450135793"
"2444","49.9535415","16.139470731521"
"2445","49.970247712","16.145604191954"
"2446","50.005668803","16.1617591831136"
"2447","50.022378924","16.1612598792537"
"2448","50.039087136","16.1634772020162"
"2449","50.055795379","16.1739419018492"
"2450","50.072501591","16.1953587875325"
"2451","50.107926803","16.2646150712276"
"2452","50.124638682","16.2729244904148"
"2453","50.141348954","16.2824203033988"
"2454","50.158053924","16.3081964913052"
"2455","50.174760136","16.3273945736039"
"2456","50.210187803","16.3223838091258"
"2457","50.226897439","16.3335191695727"
"2458","50.243603682","16.3299102964536"
"2459","50.260311924","16.3309679932007"
"2460","50.277020167","16.318795617228"
"2461","50.312443803","16.3230308359069"
"2462","50.329152015","16.3411387223964"
"2463","50.345860258","16.3566895235936"
"2464","50.3625685","16.3489577012828"
"2465","50.379274712","16.3444580584171"
"2466","50.414699803","16.3543879991075"
"2467","50.431408348","16.3612364378222"
"2468","50.448116591","16.3743823084268"
"2469","50.464822803","16.3765331554433"
"2470","50.481533076","16.3674673943578"
"2471","50.516960803","16.3544928824442"
"2472","50.533669015","16.3403956756592"
"2473","50.550377258","16.3358753515723"
"2474","50.5670855","16.3378297269863"
"2475","50.583793742","16.3368547551244"
"2476","50.619216803","16.3333138345897"
"2477","50.635925167","16.3376303009237"
"2478","50.652631439","16.339761943949"
"2479","50.669341712","16.3452380359066"
"2480","50.686047924","16.3582406151921"
"2481","50.721472803","16.3541811868944"
"2482","50.73818353","16.3481614742622"
"2483","50.754894318","16.3482973794308"
"2484","50.771600561","16.3553481986684"
"2485","50.788310864","16.3551000240127"
"2486","50.823731803","16.3411239500955"
"2487","50.840439803","16.3357025156513"
"2488","50.857150076","16.3392803669384"
"2489","50.873858318","16.3546214014623"
"2490","50.890568591","16.3613989331326"
"2491","50.925993803","16.3656531377101"
"2492","50.942705591","16.3663134595089"
"2493","50.959415864","16.3603469276404"
"2494","50.976122076","16.3501540408137"
"2495","50.992828288","16.3295614549639"
"2496","51.028254803","16.2976414696666"
"2497","51.044962439","16.3004171847894"
"2498","51.061670682","16.3025975762324"
"2499","51.078378954","16.2975823804676"
"2500","51.095091258","16.2896378376627"
"2501","51.130515803","16.2775777321478"
"2502","51.147223954","16.2891858646111"
"2503","51.163934954","16.2959515779205"
"2504","51.180645227","16.3004142896908"
"2505","51.19735347","16.3060898072748"
"2506","51.232780803","16.308914270997"
"2507","51.249492894","16.3172192579458"
"2508","51.266205227","16.3198147510211"
"2509","51.2829155","16.3160655413313"
"2510","51.299625773","16.3132735766687"
"2511","51.335049803","16.3241120130336"
"2512","51.351758227","16.3244118907196"
"2513","51.36847053","16.3257502610816"
"2514","51.385180803","16.3252612979582"
"2515","51.401889045","16.3285880198736"
"2516","51.437317803","16.5582972817986"
"2517","51.454026288","16.900991001531"
"2518","51.470736561","17.3914549906453"
"2519","51.487446864","17.911989473237"
"2520","51.504153076","18.4383220835011"
"2521","51.539578803","19.4223876982076"
"2522","51.556291318","19.7800560982496"
"2523","51.573001591","20.005392759433"
"2524","51.589711864","20.0978319026756"
"2525","51.606418076","20.1644830421533"
"2526","51.641842803","20.3843879286995"
"2527","51.658553258","20.4941224805505"
"2528","51.67525947","20.5444930684162"
"2529","51.691967712","20.5278638905288"
"2530","51.708675954","20.4809057039174"
"2531","51.744098803","20.315069926014"
"2532","51.760808712","20.2140983003133"
"2533","51.777516985","20.1439638510889"
"2534","51.794223227","20.1160885207844"
"2535","51.81093147","20.1463510547864"
"2536","51.846356803","20.1543369602249"
"2537","51.863064985","20.1479243047479"
"2538","51.879775288","20.1444011111721"
"2539","51.896483561","20.1728525611808"
"2540","51.913191803","20.2106297642479"
"2541","51.948612803","20.2187116896372"
"2542","51.965323348","20.2259840929805"
"2543","51.982029561","20.238045676019"
"2544","51.998739833","20.2652207992984"
"2545","52.015450106","20.2596265292473"
"2546","52.050879803","20.2691901163375"
"2547","52.067587803","20.2842238861578"
"2548","52.084294015","20.3004483033668"
"2549","52.101004318","20.304029108913"
"2550","52.117712561","20.3200127376303"
"2551","52.153140803","20.3506727205181"
"2552","52.169851136","20.3566407297834"
"2553","52.186559379","20.3560468833169"
"2554","52.203265591","20.3454137816605"
"2555","52.219975864","20.3497391111479"
"2556","52.255401803","20.352216425885"
"2557","52.272112348","20.3454965065414"
"2558","52.288818561","20.3320773490744"
"2559","52.305526833","20.3418167265711"
"2560","52.322235076","20.3327627838019"
"2561","52.357658803","20.3246202919527"
"2562","52.374369258","20.323729522253"
"2563","52.3910775","20.3188192096792"
"2564","52.407785742","20.3197513418194"
"2565","52.424498045","20.3073396552235"
"2566","52.459918803","20.305748678496"
"2567","52.47662453","20.2997732830806"
"2568","52.493330742","20.2961097526404"
"2569","52.510038985","20.2983654828752"
"2570","52.526747227","20.3009373403333"
"2571","52.562168803","20.3257461991581"
"2572","52.578878864","20.3301380045279"
"2573","52.595587106","20.3298159683454"
"2574","52.612295348","20.3293181417697"
"2575","52.629003591","20.3293092783885"
"2576","52.664427803","20.3197338722645"
"2577","52.681138167","20.3221535753239"
"2578","52.697846409","20.3252557587334"
"2579","52.714554954","20.3177204075087"
"2580","52.73126353","20.3039998934574"
"2581","52.766689803","20.2821531361035"
"2582","52.783398258","20.2709631173763"
"2583","52.800108561","20.2663689314698"
"2584","52.816818833","20.2617895178653"
"2585","52.833529106","20.2642594467514"
"2586","52.868955803","20.2586592670821"
"2587","52.885663742","20.2574080531069"
"2588","52.902369954","20.258521884674"
"2589","52.919082258","20.2589931211062"
"2590","52.9357905","20.2651265808758"
"2591","52.971215803","20.2674162876781"
"2592","52.987923985","20.2651457848684"
"2593","53.004632227","20.2562824036983"
"2594","53.021338439","20.2433965247073"
"2595","53.038044651","20.2427214305082"
"2596","53.073469803","20.2543472321429"
"2597","53.090182167","20.247258004437"
"2598","53.106890439","20.2424673469146"
"2599","53.123598651","20.2388954043031"
"2600","53.140304894","20.236868423672"
"2601","53.175731803","20.2254390937772"
"2602","53.192441591","20.2222527082812"
"2603","53.209147803","20.2237003938566"
"2604","53.225854015","20.2314248304624"
"2605","53.242562258","20.2299476002834"
"2606","53.277987803","20.2357856139508"
"2607","53.294693379","20.2317778884752"
"2608","53.311401621","20.2272398373654"
"2609","53.328109864","20.2296994256134"
"2610","53.344820136","20.231017114933"
"2611","53.380241803","20.24909798247"
"2612","53.396948288","20.255135421383"
"2613","53.4136545","20.2538709125233"
"2614","53.430364773","20.2494746761139"
"2615","53.447070985","20.2482278940139"
"2616","53.482496803","20.2566082196694"
"2617","53.499208894","20.2564220886924"
"2618","53.515917136","20.254451463904"
"2619","53.532625379","20.2572700186988"
"2620","53.549335682","20.2564811778914"
"2621","53.584763803","20.2613072882239"
"2622","53.601471591","20.2604652671375"
"2623","53.618177803","20.2599438049558"
"2624","53.634888106","20.2595685885419"
"2625","53.651598379","20.2627992905"
"2626","53.687025803","20.2710762100571"
"2627","53.703733985","20.2751592737115"
"2628","53.720446591","20.2757752786117"
"2629","53.737157167","20.2716360802181"
"2630","53.753868167","20.2705562251054"
"2631","53.789294803","20.2671896179895"
"2632","53.806005409","20.2598625573071"
"2633","53.822715712","20.2562847063046"
"2634","53.839421924","20.2508440683019"
"2635","53.856132227","20.2514822316517"
"2636","53.891557803","20.2473031480488"
"2637","53.908266167","20.2420427321032"
"2638","53.924974409","20.2374219567374"
"2639","53.941682651","20.2354084922798"
"2640","53.958388864","20.2340051238023"
"2641","53.993811803","20.2354424685692"
"2642","54.010517409","20.2421136391421"
"2643","54.027227682","20.2421520471215"
"2644","54.043937985","20.2423854494577"
"2645","54.060646227","20.2410795781587"
"2646","54.096068803","20.2440576737909"
"2647","54.112778621","20.2484627735802"
"2648","54.129486864","20.2449824197561"
"2649","54.146195106","20.2427857050621"
"2650","54.162904106","20.242231743823"
"2651","54.198325803","20.247498834888"
"2652","54.215035985","20.2481517705786"
"2653","54.231746258","20.2557122340739"
"2654","54.24845653","20.2607761787518"
"2655","54.265168833","20.2608101550434"
"2656","54.300590803","20.2688418549308"
"2657","54.317299318","20.2728584434896"
"2658","54.334011651","20.2783818067191"
"2659","54.350719864","20.2828016790868"
"2660","54.367428136","20.2822019236786"
"2661","54.402856803","20.2817144377557"
"2662","54.419564773","20.2840248255842"
"2663","54.436273015","20.2844990164365"
"2664","54.452983288","20.2787791816078"
"2665","54.469693561","20.274081589987"
"2666","54.505116803","20.2613951381509"
"2667","54.521826864","20.2560963138919"
"2668","54.538537136","20.2525110765135"
"2669","54.555243379","20.2430228277776"
"2670","54.571949591","20.2370430004567"
"2671","54.607375803","20.2372808344978"
"2672","54.624087561","20.2378274096235"
"2673","54.640795833","20.2362896131213"
"2674","54.657504106","20.2353028234349"
"2675","54.674214379","20.2345213687282"
"2676","54.709641803","20.2300364982374"
"2677","54.726351288","20.2261055890227"
"2678","54.7430595","20.2277571322403"
"2679","54.759769803","20.2245766559009"
"2680","54.776478045","20.2218629842634"
"2681","54.811899803","20.2221170678353"
"2682","54.828609894","20.2209131253287"
"2683","54.845320167","20.2164991618813"
"2684","54.862026409","20.2195644142754"
"2685","54.878732621","20.2140720728773"
"2686","54.914156803","20.2164518905191"
"2687","54.930866409","20.2150810210147"
"2688","54.947572621","20.2118414554725"
"2689","54.964282894","20.2082163328821"
"2690","54.980995197","20.2097851512159"
"2691","55.016415803","20.2047223361526"
"2692","55.033126076","20.2064167187852"
"2693","55.049834318","20.2072587397971"
"2694","55.066542561","20.2067417093512"
"2695","55.083248773","20.20981139297"
"2696","55.118672803","20.208511430706"
"2697","55.135383318","20.2069145452431"
"2698","55.152095409","20.20666060879"
"2699","55.168806651","20.2039690959922"
"2700","55.185516924","20.2001342072858"
"2701","55.220944803","20.1929031671402"
"2702","55.237654924","20.1905277815316"
"2703","55.254363167","20.1887772641521"
"2704","55.271073439","20.1876132070255"
"2705","55.287781682","20.1807529515738"
"2706","55.323208803","20.1753832210469"
"2707","55.339917076","20.1735913412315"
"2708","55.356625318","20.1709367591801"
"2709","55.373333561","20.1671151655424"
"2710","55.390041833","20.1626302956993"
"2711","55.425467803","20.1665346142089"
"2712","55.442177803","20.1641429790719"
"2713","55.458886045","20.1644591062611"
"2714","55.475594318","20.1644014942967"
"2715","55.49230053","20.1623510992565"
"2716","55.527727803","20.1650898834097"
"2717","55.544433712","20.1704581367067"
"2718","55.561141954","20.1730477206444"
"2719","55.577848167","20.1765339831048"
"2720","55.594556409","20.1765709138512"
"2721","55.629980803","20.187177424218"
"2722","55.646689015","20.1914983215471"
"2723","55.663399288","20.1896562159165"
"2724","55.680111621","20.1910418575215"
"2725","55.696821894","20.1845257966263"
"2726","55.732246803","20.1875940030374"
"2727","55.748956197","20.1941854026553"
"2728","55.7656665","20.1857208755799"
"2729","55.782374773","20.1845405689249"
"2730","55.799083015","20.1878155875158"
"2731","55.834502803","20.2110135767351"
"2732","55.851211167","20.2174380506216"
"2733","55.867919409","20.2183406382382"
"2734","55.884629682","20.213284079463"
"2735","55.901337924","20.2130728355527"
"2736","55.936764803","20.205406011117"
"2737","55.953475227","20.2037633311994"
"2738","55.97018347","20.1977790718952"
"2739","55.986891712","20.1921109398413"
"2740","56.003599954","20.1896882824088"
"2741","56.039029803","20.1879746954444"
"2742","56.055737924","20.1886113816355"
"2743","56.072446197","20.187460619355"
"2744","56.089152409","20.1891520478674"
"2745","56.105862682","20.1935290807774"
"2746","56.141285803","20.1946324247"
"2747","56.157992227","20.1911343437497"
"2748","56.1747025","20.1898004049413"
"2749","56.191410742","20.1861427831368"
"2750","56.208121015","20.1904415228182"
"2751","56.243550803","20.2042565790039"
"2752","56.260259227","20.2107519598901"
"2753","56.2769695","20.2142928805142"
"2754","56.293675712","20.2159976040855"
"2755","56.310386015","20.2170080294951"
"2756","56.345812803","20.2438847544995"
"2757","56.36252047","20.2592494250926"
"2758","56.379232773","20.2701247933175"
"2759","56.395943045","20.2921576807221"
"2760","56.412649258","20.3345704350149"
"2761","56.448071803","20.5201445157684"
"2762","56.464781954","20.6263632711118"
"2763","56.481492227","20.708695215236"
"2764","56.49820047","20.9365653491019"
"2765","56.514912773","21.3295528808665"
"2766","56.550336803","21.7747161808599"
"2767","56.5670445","21.9381140828861"
"2768","56.583752742","22.033393949109"
"2769","56.600460985","22.1162399693188"
"2770","56.617169227","22.1383171736274"
"2771","56.652594803","22.2590797522152"
"2772","56.669300864","22.2045832537104"
"2773","56.686007076","22.0902973409724"
"2774","56.702717348","21.9639350715274"
"2775","56.719427924","21.7660364534719"
"2776","56.754853803","21.1413616052379"
"2777","56.771563561","20.7591992036718"
"2778","56.788269773","20.296637072426"
"2779","56.804980045","19.8163304522793"
"2780","56.821690318","19.2938577739255"
"2781","56.857114803","18.3080341234106"
"2782","56.873822924","17.9240118890502"
"2783","56.890529136","17.5915080571552"
"2784","56.907239409","17.3771855939783"
"2785","56.923949682","17.1669092642594"
"2786","56.959373803","16.7414861769242"
"2787","56.976079894","16.5888498915294"
"2788","56.992788136","16.4946070378494"
"2789","57.009494348","16.4606543794332"
"2790","57.026202591","16.4354321513703"
"2791","57.061630803","16.3061242849499"
"2792","57.07834053","16.2419017029518"
"2793","57.095050803","16.1833457759173"
"2794","57.111763106","16.1524613245812"
"2795","57.128471348","16.1177981184493"
"2796","57.163899803","16.0745405043058"
"2797","57.180607591","16.0630077682209"
"2798","57.197317864","16.0475529859845"
"2799","57.214030167","16.0186081376629"
"2800","57.230738409","15.9799372057774"
"2801","57.266161803","15.9295488840335"
"2802","57.282873742","15.9231864536099"
"2803","57.299579954","15.9161046120842"
"2804","57.316288197","15.9060609240298"
"2805","57.33299847","15.8787794369009"
"2806","57.368425803","15.8376075543056"
"2807","57.385136258","15.8224334458051"
"2808","57.40184653","15.7970546311595"
"2809","57.418556833","15.7757130866203"
"2810","57.435263045","15.7555370767001"
"2811","57.470687803","15.725458034348"
"2812","57.48739553","15.714448239788"
"2813","57.504101742","15.7045803439527"
"2814","57.520807954","15.6970553347633"
"2815","57.537514167","15.701445662072"
"2816","57.572941803","15.7144186951897"
"2817","57.589647712","15.7180379084826"
"2818","57.606357985","15.7247371461492"
"2819","57.623066258","15.724460904155"
"2820","57.63977653","15.7262143760647"
"2821","57.675197803","15.7554989819089"
"2822","57.691908379","15.7600133965306"
"2823","57.708618651","15.7623104890492"
"2824","57.725329227","15.7654998284367"
"2825","57.742035773","15.7641186184657"
"2826","57.777462803","15.7824791090851"
"2827","57.794175227","15.7830832961205"
"2828","57.8108855","15.7865414913526"
"2829","57.827595773","15.7912774904616"
"2830","57.844304015","15.7910219296862"
"2831","57.879730803","15.7893275469732"
"2832","57.896437197","15.7897131039811"
"2833","57.913143379","15.7904871724568"
"2834","57.929851621","15.7888961958379"
"2835","57.946563924","15.7872476072522"
"2836","57.981990803","15.7814701610528"
"2837","57.998699197","15.7808748373969"
"2838","58.01540947","15.7906348954484"
"2839","58.032119742","15.7989443137229"
"2840","58.048830015","15.7971125486277"
"2841","58.084255803","15.7795601027721"
"2842","58.100963924","15.770421958515"
"2843","58.117670136","15.7549789969787"
"2844","58.134378379","15.7310788941763"
"2845","58.151084591","15.7096443453272"
"2846","58.186508803","15.6816611789372"
"2847","58.203217106","15.6754272686714"
"2848","58.219923318","15.6737210681128"
"2849","58.236631561","15.6705760456114"
"2850","58.253337803","15.6654855113043"
"2851","58.288762803","15.6497670488172"
"2852","58.305470742","15.6529741144647"
"2853","58.322181045","15.6652764832867"
"2854","58.338887288","15.6824448466933"
"2855","58.355595561","15.6847242120982"
"2856","58.391019803","15.684551376225"
"2857","58.407726045","15.6856002093018"
"2858","58.424436318","15.6841451380614"
"2859","58.44114253","15.6916642371614"
"2860","58.457848742","15.6932241917094"
"2861","58.493272803","15.6953233350927"
"2862","58.509981197","15.7041350101675"
"2863","58.5266915","15.7077941080989"
"2864","58.543399742","15.7055029248564"
"2865","58.560107985","15.7087986242851"
"2866","58.595534803","15.7214510965426"
"2867","58.612245379","15.7281606737748"
"2868","58.628953621","15.7267395788172"
"2869","58.645663924","15.7224570899586"
"2870","58.662372167","15.7184375479839"
"2871","58.697800803","15.7261605047805"
"2872","58.714508106","15.7266804896298"
"2873","58.731216682","15.725062923124"
"2874","58.747924045","15.7199000053727"
"2875","58.764634348","15.7231011621015"
"2876","58.800063803","15.7470426236167"
"2877","58.816772318","15.7459110656775"
"2878","58.833480561","15.7447470086852"
"2879","58.850188803","15.7311491094289"
"2880","58.866897076","15.7269921850935"
"2881","58.902320803","15.7085002238886"
"2882","58.919028954","15.6992276531518"
"2883","58.935735197","15.7079019458659"
"2884","58.95244547","15.7228973044049"
"2885","58.969153712","15.7397392000509"
"2886","59.004575803","15.7574098215505"
"2887","59.02128547","15.7752237343297"
"2888","59.037995833","15.7765547182764"
"2889","59.054704076","15.7723062057005"
"2890","59.071410318","15.7729842541262"
"2891","59.106834803","15.7904040600758"
"2892","59.123547348","15.7888145610504"
"2893","59.140257621","15.7792596676393"
"2894","59.156966591","15.7746063945206"
"2895","59.173674833","15.7763199808119"
"2896","59.209102803","15.8039205379386"
"2897","59.22581253","15.8099816108294"
"2898","59.242522803","15.8205600517192"
"2899","59.259233076","15.8395483605025"
"2900","59.275943379","15.8615487403616"
"2901","59.311367803","15.8904005109269"
"2902","59.328075954","15.9094552950405"
"2903","59.344786227","15.9228183136537"
"2904","59.361492439","15.9442071204744"
"2905","59.378202712","15.9608850422235"
"2906","59.413631803","15.9863997512094"
"2907","59.430340167","16.0096158909977"
"2908","59.447050439","16.0408755457482"
"2909","59.463758712","16.0673814757698"
"2910","59.480466954","16.1048292451534"
"2911","59.515891803","16.1575131602341"
"2912","59.532602106","16.1998077198089"
"2913","59.549312409","16.2495076311754"
"2914","59.566024712","16.2844899044209"
"2915","59.582732954","16.3330818936163"
"2916","59.618155803","16.4957352089424"
"2917","59.634862076","16.5869674294299"
"2918","59.651570318","16.6850850169036"
"2919","59.668280591","16.7922668849665"
"2920","59.684988864","16.9066502471416"
"2921","59.720414803","17.2542408857288"
"2922","59.737125742","17.464759393306"
"2923","59.753834136","17.6919927533714"
"2924","59.770542379","17.906219107148"
"2925","59.787252682","18.1183537038655"
"2926","59.822679803","18.5925635970856"
"2927","59.839390136","18.8754220362886"
"2928","59.856100409","19.1730690206316"
"2929","59.872810682","19.4082099905396"
"2930","59.889520985","19.6307753051908"
"2931","59.924944803","19.952908758374"
"2932","59.941650439","20.1156226292116"
"2933","59.958358712","20.2511200244317"
"2934","59.975066954","20.3603965966921"
"2935","59.991775197","20.4576101131616"
"2936","60.027200803","20.6051247700593"
"2937","60.043910621","20.6295670087461"
"2938","60.060618864","20.660608031442"
"2939","60.077327136","20.7232661963242"
"2940","60.094039439","20.7092694471669"
"2941","60.129469803","20.6315184288661"
"2942","60.146178136","20.5820830947011"
"2943","60.162887136","20.5474553586195"
"2944","60.179593379","20.532397958599"
"2945","60.196301621","20.5332266843335"
"2946","60.231728803","20.5025594004696"
"2947","60.248436985","20.4873188239944"
"2948","60.265143197","20.4639416675808"
"2949","60.281851439","20.4454334595109"
"2950","60.298559712","20.4294498366108"
"2951","60.333983803","20.4355345448109"
"2952","60.350691591","20.4393738642118"
"2953","60.367399833","20.4501192314"
"2954","60.384110106","20.4751508848236"
"2955","60.400820379","20.5120077601803"
"2956","60.436245803","20.5244297828205"
"2957","60.452954288","20.5381990387404"
"2958","60.469664561","20.5436116075302"
"2959","60.486370773","20.528814199897"
"2960","60.503081167","20.5062583830705"
"2961","60.538504803","20.4624142123055"
"2962","60.55521247","20.4530072150201"
"2963","60.571920712","20.4473390855314"
"2964","60.588628954","20.453924574523"
"2965","60.605339227","20.4549970431205"
"2966","60.640766803","20.4229071872739"
"2967","60.657477167","20.4166186214064"
"2968","60.674183379","20.4140246064515"
"2969","60.690891621","20.4206189588199"
"2970","60.707601924","20.431507617267"
"2971","60.743024803","20.4452865232288"
"2972","60.759734985","20.43893000374"
"2973","60.776441227","20.4349902320745"
"2974","60.79315153","20.4361232672704"
"2975","60.809861833","20.4535693502736"
"2976","60.845287803","20.4653280988516"
"2977","60.861999712","20.4663385239807"
"2978","60.878710015","20.4798994928181"
"2979","60.895418258","20.4904498674844"
"2980","60.9121265","20.4985421318952"
"2981","60.947555803","20.5132154547124"
"2982","60.96426547","20.4976897703462"
"2983","60.980973712","20.4789200895131"
"2984","60.997683985","20.4781947697202"
"2985","61.014390197","20.4837299494842"
"2986","61.049814803","20.5066506458329"
"2987","61.066521227","20.499691416618"
"2988","61.0832315","20.4972318291328"
"2989","61.099939773","20.488377314186"
"2990","61.116650045","20.4806085630841"
"2991","61.152075803","20.45880605523"
"2992","61.168786742","20.4549711668886"
"2993","61.185494985","20.4538543812236"
"2994","61.202205258","20.4437161536861"
"2995","61.21891553","20.4344790362751"
"2996","61.254341803","20.4322572827829"
"2997","61.2710515","20.43601092349"
"2998","61.287759773","20.4303457475311"
"2999","61.304468015","20.4206639839757"
"3000","61.321178288","20.4093454498955"
"3001","61.356604803","20.4022990641525"
"3002","61.373312924","20.393765108086"
"3003","61.390023197","20.3931505805244"
"3004","61.406729409","20.3932480776856"
"3005","61.423437651","20.3938699913958"
"3006","61.458866803","20.3772393392587"
"3007","61.475578924","20.3792188270774"
"3008","61.492287167","20.3822235123188"
"3009","61.508993409","20.3739259130068"
"3010","61.525701773","20.3673079238813"
"3011","61.561127803","20.3607705239341"
"3012","61.577835712","20.3588471705247"
"3013","61.594543985","20.3609861995084"
"3014","61.611250197","20.360358376775"
"3015","61.627958439","20.3568277971678"
"3016","61.663381803","20.3505613876726"
"3017","61.680089682","20.3426626390703"
"3018","61.696799954","20.3372485912627"
"3019","61.71350853","20.3388203639414"
"3020","61.730217076","20.3373741558094"
"3021","61.765644803","20.3290174659192"
"3022","61.782353288","20.3262033428432"
"3023","61.799065591","20.3247364534918"
"3024","61.815771864","20.3357255671728"
"3025","61.832480136","20.3445047448319"
"3026","61.867902803","20.3555322664919"
"3027","61.884612712","20.3513192066427"
"3028","61.901320954","20.3550196676954"
"3029","61.918029197","20.3549679646467"
"3030","61.934735409","20.3594779477181"
"3031","61.970158803","20.3527225751058"
"3032","61.986865227","20.3548394456401"
"3033","62.0035755","20.3563861054094"
"3034","62.020285773","20.3595089695473"
"3035","62.036991985","20.3635920331599"
"3036","62.072415803","20.3742339978"
"3037","62.089121803","20.3765369993095"
"3038","62.105828045","20.3776257177908"
"3039","62.122540348","20.3795254355209"
"3040","62.139252651","20.3867284088115"
"3041","62.174674803","20.4247773465424"
"3042","62.191385167","20.4248600714199"
"3043","62.208091379","20.4259369720577"
"3044","62.224801651","20.4256060725476"
"3045","62.241507864","20.424086002923"
"3046","62.276933803","20.4319360029082"
"3047","62.293643621","20.4422322957001"
"3048","62.310353894","20.4477408862053"
"3049","62.327062258","20.4578407074131"
"3050","62.34376847","20.4685801691917"
"3051","62.379191803","20.4833818133186"
"3052","62.395902136","20.4844498507041"
"3053","62.412610409","20.4788541029634"
"3054","62.429320682","20.4749970550882"
"3055","62.446028924","20.4708327433456"
"3056","62.481453803","20.4689522293873"
"3057","62.49816347","20.4691915406687"
"3058","62.514869682","20.4725862155125"
"3059","62.531575894","20.4843198544525"
"3060","62.548282136","20.5006476791037"
"3061","62.583707803","20.5229627174806"
"3062","62.600416045","20.5296516155192"
"3063","62.617128348","20.5305246585273"
"3064","62.633836591","20.5260619462979"
"3065","62.650544833","20.5241223431344"
"3066","62.685971803","20.5302188718899"
"3067","62.702681803","20.5399287055489"
"3068","62.719388348","20.5557764304071"
"3069","62.736094894","20.5666828204731"
"3070","62.75280147","20.5694821715736"
"3071","62.788227803","20.5760115287579"
"3072","62.804938106","20.5778048861384"
"3073","62.821646348","20.5808730931229"
"3074","62.838354591","20.5857435208688"
"3075","62.855062864","20.5882651527044"
"3076","62.890493803","20.5915135817651"
"3077","62.907203409","20.598797803547"
"3078","62.923913682","20.6108963183297"
"3079","62.940623985","20.6206061519886"
"3080","62.957332227","20.6255652135424"
"3081","62.992758803","20.6312097098775"
"3082","63.009467167","20.6300249713115"
"3083","63.026175409","20.6341759879829"
"3084","63.042883651","20.6411810132698"
"3085","63.059595985","20.6417349745694"
"3086","63.095020803","20.6320487765926"
"3087","63.111730409","20.6340622412628"
"3088","63.128436621","20.6325658071388"
"3089","63.145142833","20.6323384638605"
"3090","63.161851803","20.6328436765694"
"3091","63.197275803","20.625196354054"
"3092","63.213986348","20.6202993370368"
"3093","63.230696621","20.6205194442874"
"3094","63.247404864","20.6120829845031"
"3095","63.264111076","20.6078832199843"
"3096","63.299533803","20.6125881971184"
"3097","63.316241561","20.6111759653632"
"3098","63.332951864","20.6033821005721"
"3099","63.349664167","20.5979798709396"
"3100","63.36637447","20.5906631513963"
"3101","63.401800803","20.5876806242899"
"3102","63.418509076","20.5802028866909"
"3103","63.435219379","20.5750680356647"
"3104","63.451925591","20.5722657306024"
"3105","63.468635894","20.5705447578045"
"3106","63.504055803","20.5686228817444"
"3107","63.520762227","20.5643906181685"
"3108","63.537468439","20.5681619860252"
"3109","63.554178712","20.5662667001027"
"3110","63.570888985","20.5615528595893"
"3111","63.606315803","20.5561063130607"
"3112","63.623022106","20.5541268250357"
"3113","63.639732379","20.5571713957966"
"3114","63.656442651","20.5573043464848"
"3115","63.673148985","20.5540293278643"
"3116","63.708575803","20.5535994539723"
"3117","63.725284439","20.5518799584043"
"3118","63.741995015","20.547788031666"
"3119","63.75870053","20.5486861874266"
"3120","63.775408803","20.5516051936486"
"3121","63.810830803","20.5529169737726"
"3122","63.827540954","20.5539776248189"
"3123","63.844249197","20.549359804247"
"3124","63.860955379","20.5497571790819"
"3125","63.877661621","20.5473758845324"
"3126","63.913084803","20.5338075281817"
"3127","63.929796773","20.5349198822734"
"3128","63.946509106","20.535444298877"
"3129","63.963217348","20.5358121291145"
"3130","63.979925621","20.5348578386188"
"3131","64.015350803","20.5351821078965"
"3132","64.032060894","20.5402534365184"
"3133","64.048767136","20.5440336666214"
"3134","64.065473348","20.544586150427"
"3135","64.082181591","20.5414455606658"
"3136","64.117606803","20.5305140629081"
"3137","64.134315136","20.5286128686359"
"3138","64.151023379","20.531081319008"
"3139","64.167734409","20.5319100447163"
"3140","64.184446712","20.5325201404696"
"3141","64.219874803","20.528630595389"
"3142","64.236582894","20.5269317815483"
"3143","64.253293167","20.5259789685681"
"3144","64.270001409","20.5256790909945"
"3145","64.286711682","20.5238059640814"
"3146","64.322135803","20.5174745587585"
"3147","64.338846288","20.5179059097511"
"3148","64.355558591","20.5218574984676"
"3149","64.372266833","20.525286147967"
"3150","64.388975076","20.5266540624161"
"3151","64.424399803","20.5192826875768"
"3152","64.441109954","20.5197952861879"
"3153","64.457822258","20.5227925846947"
"3154","64.47453253","20.5221455582058"
"3155","64.491240773","20.5219121559563"
"3156","64.526667803","20.5110914504057"
"3157","64.543380076","20.5085727742331"
"3158","64.560088318","20.5064972668886"
"3159","64.576798591","20.5086983387344"

"Min","0","15.6497670488172"
"Max","64.576798591","24.4996633889752"
"Mean","32.2865837054302","19.2191740807355"
"StdDev","18.6538011552089","2.09430108925116"
"CV","57.7757043773931%","10.8969359476816%"
